id_venta,fecha,id_tienda,producto,categoria,precio_unitario,cantidad,descuento_pct,canal_venta,calificacion_cliente,nombre_tienda,region,total_venta
1,2025-02-21,103,Monitor,Cómputo,679965.0,1,0.05,Tienda física,5,Cali Norte,Pacífico,645966.0
2,2025-01-15,103,Teclado,Accesorios,92659.0,1,0.0,Online,4,Cali Norte,Pacífico,92659.0
3,2025-03-13,102,Mouse,Accesorios,47666.0,3,0.0,Online,5,Medellín Poblado,Andina,142998.0
4,2025-03-02,102,Mouse,Accesorios,47286.0,4,0.0,Online,4,Medellín Poblado,Andina,189145.0
5,2025-01-21,102,Teclado,Accesorios,81647.0,1,0.2,Tienda física,4,Medellín Poblado,Andina,65318.0
6,2025-03-24,104,Mouse,Accesorios,44053.0,2,0.2,Online,3,Barranquilla Mall,Caribe,70484.0
7,2025-03-28,101,Audífonos,Accesorios,130339.0,1,0.2,Tienda física,5,Bogotá Centro,Andina,104272.0
8,2025-03-16,102,Audífonos,Accesorios,111017.0,1,0.1,Tienda física,3,Medellín Poblado,Andina,99916.0
9,2025-03-16,102,Monitor,Cómputo,680823.0,1,0.05,Tienda física,5,Medellín Poblado,Andina,646781.0
10,2025-03-29,102,Laptop,Cómputo,3065771.0,1,0.2,Tienda física,5,Medellín Poblado,Andina,2452617.0
11,2025-01-24,103,Mouse,Accesorios,40970.0,1,0.05,Tienda física,5,Cali Norte,Pacífico,38921.0
12,2025-01-03,103,Laptop,Cómputo,2902029.0,2,0.0,Tienda física,4,Cali Norte,Pacífico,5804057.0
13,2025-01-22,104,Monitor,Cómputo,645860.0,1,0.2,Tienda física,5,Barranquilla Mall,Caribe,516688.0
14,2025-02-22,101,Monitor,Cómputo,660293.0,3,0.0,Tienda física,5,Bogotá Centro,Andina,1980878.0
15,2025-01-02,104,Audífonos,Accesorios,110048.0,1,0.2,Online,3,Barranquilla Mall,Caribe,88039.0
16,2025-03-29,101,Mouse,Accesorios,40887.0,1,0.0,Tienda física,4,Bogotá Centro,Andina,40887.0
17,2025-01-30,103,Audífonos,Accesorios,124005.0,1,0.0,Online,2,Cali Norte,Pacífico,124005.0
18,2025-02-07,103,Audífonos,Accesorios,127759.0,2,0.0,Tienda física,4,Cali Norte,Pacífico,255519.0
19,2025-01-02,103,Mouse,Accesorios,47538.0,1,0.2,Online,3,Cali Norte,Pacífico,38031.0
20,2025-03-05,104,Audífonos,Accesorios,121051.0,1,0.0,Tienda física,3,Barranquilla Mall,Caribe,121051.0
21,2025-03-01,102,Mouse,Accesorios,41399.0,4,0.0,Tienda física,4,Medellín Poblado,Andina,165595.0
22,2025-01-21,102,Mouse,Accesorios,46692.0,1,0.1,Tienda física,4,Medellín Poblado,Andina,42023.0
23,2025-02-02,103,Teclado,Accesorios,85354.0,1,0.2,Tienda física,4,Cali Norte,Pacífico,68283.0
24,2025-03-17,102,Mouse,Accesorios,48700.0,3,0.1,Online,2,Medellín Poblado,Andina,131489.0
25,2025-02-27,102,Teclado,Accesorios,96089.0,1,0.0,Tienda física,4,Medellín Poblado,Andina,96089.0
26,2025-01-22,104,Teclado,Accesorios,93769.0,1,0.2,Tienda física,3,Barranquilla Mall,Caribe,75015.0
27,2025-03-30,101,Teclado,Accesorios,98079.0,1,0.0,Online,4,Bogotá Centro,Andina,98079.0
28,2025-02-18,103,Mouse,Accesorios,40783.0,1,0.0,Online,4,Cali Norte,Pacífico,40783.0
29,2025-02-28,103,Teclado,Accesorios,94252.0,1,0.0,Tienda física,4,Cali Norte,Pacífico,94252.0
30,2025-02-11,104,Teclado,Accesorios,86944.0,1,0.05,Tienda física,5,Barranquilla Mall,Caribe,82597.0
31,2025-03-01,104,Teclado,Accesorios,97309.0,1,0.0,Tienda física,4,Barranquilla Mall,Caribe,97309.0
32,2025-03-21,102,Mouse,Accesorios,42900.0,1,0.05,Tienda física,5,Medellín Poblado,Andina,40755.0
33,2025-01-15,103,Laptop,Cómputo,2925920.0,2,0.05,Tienda física,4,Cali Norte,Pacífico,5559247.0
34,2025-03-03,101,Teclado,Accesorios,96798.0,1,0.0,Online,4,Bogotá Centro,Andina,96798.0
35,2025-03-03,104,Mouse,Accesorios,40875.0,1,0.0,Tienda física,4,Barranquilla Mall,Caribe,40875.0
36,2025-02-16,101,Teclado,Accesorios,88158.0,3,0.0,Tienda física,1,Bogotá Centro,Andina,264473.0
37,2025-03-03,101,Monitor,Cómputo,684100.0,2,0.2,Tienda física,5,Bogotá Centro,Andina,1094560.0
38,2025-02-20,103,Teclado,Accesorios,89189.0,1,0.0,Online,4,Cali Norte,Pacífico,89189.0
39,2025-02-24,103,Teclado,Accesorios,85811.0,4,0.05,Online,4,Cali Norte,Pacífico,326080.0
40,2025-03-05,104,Audífonos,Accesorios,113275.0,1,0.0,Tienda física,2,Barranquilla Mall,Caribe,113275.0
41,2025-01-03,103,Audífonos,Accesorios,111156.0,1,0.0,Online,2,Cali Norte,Pacífico,111156.0
42,2025-02-20,103,Audífonos,Accesorios,128571.0,2,0.0,Tienda física,5,Cali Norte,Pacífico,257142.0
43,2025-01-07,103,Audífonos,Accesorios,121809.0,1,0.0,Tienda física,5,Cali Norte,Pacífico,121809.0
44,2025-01-21,101,Laptop,Cómputo,2562776.0,1,0.0,Tienda física,3,Bogotá Centro,Andina,2562776.0
45,2025-03-14,104,Laptop,Cómputo,2734245.0,1,0.0,Tienda física,4,Barranquilla Mall,Caribe,2734245.0
46,2025-02-08,102,Teclado,Accesorios,87619.0,1,0.0,Tienda física,4,Medellín Poblado,Andina,87619.0
47,2025-01-18,101,Mouse,Accesorios,42136.0,1,0.05,Online,5,Bogotá Centro,Andina,40029.0
48,2025-01-04,103,Teclado,Accesorios,88839.0,3,0.2,Tienda física,2,Cali Norte,Pacífico,213214.0
49,2025-03-30,101,Mouse,Accesorios,43489.0,1,0.1,Online,3,Bogotá Centro,Andina,39140.0
50,2025-03-01,103,Teclado,Accesorios,87152.0,3,0.0,Tienda física,5,Cali Norte,Pacífico,261457.0
51,2025-01-14,103,Monitor,Cómputo,681073.0,2,0.1,Tienda física,1,Cali Norte,Pacífico,1225932.0
52,2025-01-09,101,Monitor,Cómputo,614024.0,3,0.0,Tienda física,3,Bogotá Centro,Andina,1842073.0
53,2025-03-31,104,Teclado,Accesorios,92553.0,2,0.0,Tienda física,5,Barranquilla Mall,Caribe,185107.0
54,2025-02-22,103,Audífonos,Accesorios,121696.0,2,0.0,Tienda física,4,Cali Norte,Pacífico,243391.0
55,2025-01-02,104,Mouse,Accesorios,45613.0,1,0.1,Tienda física,4,Barranquilla Mall,Caribe,41052.0
56,2025-03-25,102,Audífonos,Accesorios,123912.0,1,0.0,Tienda física,2,Medellín Poblado,Andina,123912.0
57,2025-03-01,103,Laptop,Cómputo,2827094.0,1,0.05,Tienda física,1,Cali Norte,Pacífico,2685739.0
58,2025-03-12,104,Audífonos,Accesorios,129102.0,3,0.0,Online,3,Barranquilla Mall,Caribe,387306.0
59,2025-02-13,104,Monitor,Cómputo,672825.0,3,0.0,Tienda física,5,Barranquilla Mall,Caribe,2018476.0
60,2025-01-08,102,Mouse,Accesorios,45423.0,1,0.0,Tienda física,4,Medellín Poblado,Andina,45423.0
61,2025-02-16,104,Mouse,Accesorios,47968.0,1,0.1,Tienda física,5,Barranquilla Mall,Caribe,43171.0
62,2025-02-04,104,Teclado,Accesorios,91911.0,1,0.2,Online,5,Barranquilla Mall,Caribe,73529.0
63,2025-03-19,102,Mouse,Accesorios,43120.0,2,0.0,Online,4,Medellín Poblado,Andina,86241.0
64,2025-03-22,103,Mouse,Accesorios,42364.0,1,0.2,Tienda física,3,Cali Norte,Pacífico,33891.0
65,2025-02-05,104,Teclado,Accesorios,83742.0,2,0.2,Tienda física,4,Barranquilla Mall,Caribe,133987.0
66,2025-02-19,104,Teclado,Accesorios,97190.0,4,0.1,Tienda física,5,Barranquilla Mall,Caribe,349885.0
67,2025-01-04,104,Monitor,Cómputo,677318.0,1,0.2,Online,5,Barranquilla Mall,Caribe,541854.0
68,2025-01-02,101,Audífonos,Accesorios,130497.0,1,0.05,Online,2,Bogotá Centro,Andina,123972.0
69,2025-01-06,102,Teclado,Accesorios,91859.0,1,0.1,Tienda física,5,Medellín Poblado,Andina,82673.0
70,2025-02-23,101,Teclado,Accesorios,89521.0,1,0.0,Tienda física,4,Bogotá Centro,Andina,89521.0
71,2025-01-04,102,Laptop,Cómputo,2553441.0,1,0.05,Tienda física,5,Medellín Poblado,Andina,2425769.0
72,2025-02-23,103,Monitor,Cómputo,672313.0,1,0.0,Online,3,Cali Norte,Pacífico,672313.0
73,2025-03-04,103,Mouse,Accesorios,45740.0,3,0.0,Tienda física,4,Cali Norte,Pacífico,137220.0
74,2025-01-18,104,Audífonos,Accesorios,131765.0,1,0.0,Tienda física,5,Barranquilla Mall,Caribe,131765.0
75,2025-03-31,102,Audífonos,Accesorios,113740.0,1,0.0,Tienda física,4,Medellín Poblado,Andina,113740.0
76,2025-02-13,103,Teclado,Accesorios,90553.0,3,0.0,Online,4,Cali Norte,Pacífico,271660.0
77,2025-02-03,102,Laptop,Cómputo,2884536.0,2,0.05,Online,2,Medellín Poblado,Andina,5480619.0
78,2025-03-15,103,Audífonos,Accesorios,123470.0,1,0.0,Online,4,Cali Norte,Pacífico,123470.0
79,2025-03-03,101,Monitor,Cómputo,657968.0,2,0.1,Tienda física,4,Bogotá Centro,Andina,1184343.0
80,2025-01-14,103,Mouse,Accesorios,47492.0,1,0.0,Online,5,Cali Norte,Pacífico,47492.0
81,2025-02-17,101,Mouse,Accesorios,42345.0,2,0.05,Tienda física,4,Bogotá Centro,Andina,80455.0
82,2025-01-15,103,Monitor,Cómputo,679332.0,2,0.0,Tienda física,4,Cali Norte,Pacífico,1358663.0
83,2025-03-13,104,Mouse,Accesorios,46078.0,2,0.0,Tienda física,5,Barranquilla Mall,Caribe,92155.0
84,2025-03-19,101,Audífonos,Accesorios,129506.0,1,0.0,Online,3,Bogotá Centro,Andina,129506.0
85,2025-03-28,103,Mouse,Accesorios,48125.0,3,0.1,Tienda física,4,Cali Norte,Pacífico,129937.0
86,2025-03-03,104,Laptop,Cómputo,2696482.0,1,0.2,Online,5,Barranquilla Mall,Caribe,2157186.0
87,2025-02-09,101,Audífonos,Accesorios,114630.0,1,0.0,Online,5,Bogotá Centro,Andina,114630.0
88,2025-03-26,104,Mouse,Accesorios,49335.0,1,0.0,Tienda física,4,Barranquilla Mall,Caribe,49335.0
89,2025-03-21,102,Teclado,Accesorios,90491.0,1,0.0,Tienda física,5,Medellín Poblado,Andina,90491.0
90,2025-03-23,102,Laptop,Cómputo,3027596.0,1,0.2,Tienda física,3,Medellín Poblado,Andina,2422077.0
91,2025-02-22,101,Laptop,Cómputo,2611773.0,3,0.0,Tienda física,5,Bogotá Centro,Andina,7835320.0
92,2025-01-24,103,Teclado,Accesorios,92571.0,4,0.05,Tienda física,3,Cali Norte,Pacífico,351769.0
93,2025-01-26,101,Teclado,Accesorios,95577.0,1,0.0,Tienda física,5,Bogotá Centro,Andina,95577.0
94,2025-03-30,104,Teclado,Accesorios,98053.0,1,0.1,Online,4,Barranquilla Mall,Caribe,88248.0
95,2025-03-01,103,Monitor,Cómputo,628854.0,1,0.0,Online,5,Cali Norte,Pacífico,628854.0
96,2025-02-10,102,Teclado,Accesorios,94050.0,1,0.0,Tienda física,5,Medellín Poblado,Andina,94050.0
97,2025-01-29,103,Mouse,Accesorios,45349.0,1,0.0,Tienda física,5,Cali Norte,Pacífico,45349.0
98,2025-01-15,102,Mouse,Accesorios,41046.0,3,0.1,Tienda física,3,Medellín Poblado,Andina,110823.0
99,2025-02-14,103,Audífonos,Accesorios,124560.0,1,0.0,Online,4,Cali Norte,Pacífico,124560.0
100,2025-03-06,103,Monitor,Cómputo,674713.0,1,0.2,Online,4,Cali Norte,Pacífico,539770.0
101,2025-03-30,103,Teclado,Accesorios,97751.0,1,0.2,Tienda física,5,Cali Norte,Pacífico,78201.0
102,2025-03-12,104,Mouse,Accesorios,44976.0,3,0.1,Tienda física,3,Barranquilla Mall,Caribe,121435.0
103,2025-01-09,104,Mouse,Accesorios,42572.0,2,0.0,Online,5,Barranquilla Mall,Caribe,85145.0
104,2025-03-29,101,Monitor,Cómputo,590793.0,4,0.1,Tienda física,5,Bogotá Centro,Andina,2126856.0
105,2025-01-01,101,Audífonos,Accesorios,117975.0,2,0.0,Tienda física,4,Bogotá Centro,Andina,235951.0
106,2025-01-08,102,Monitor,Cómputo,624249.0,1,0.0,Tienda física,5,Medellín Poblado,Andina,624249.0
107,2025-03-29,104,Audífonos,Accesorios,126266.0,1,0.0,Tienda física,4,Barranquilla Mall,Caribe,126266.0
108,2025-03-04,102,Monitor,Cómputo,631055.0,2,0.0,Tienda física,4,Medellín Poblado,Andina,1262110.0
109,2025-01-11,101,Laptop,Cómputo,3051480.0,1,0.0,Online,4,Bogotá Centro,Andina,3051480.0
110,2025-03-22,102,Mouse,Accesorios,49161.0,2,0.05,Online,4,Medellín Poblado,Andina,93406.0
111,2025-01-08,101,Mouse,Accesorios,46088.0,1,0.0,Tienda física,5,Bogotá Centro,Andina,46088.0
112,2025-02-04,104,Mouse,Accesorios,48858.0,1,0.0,Online,4,Barranquilla Mall,Caribe,48858.0
113,2025-02-04,103,Audífonos,Accesorios,126261.0,1,0.05,Tienda física,4,Cali Norte,Pacífico,119947.0
114,2025-02-02,104,Teclado,Accesorios,90843.0,2,0.05,Online,5,Barranquilla Mall,Caribe,172603.0
115,2025-01-05,102,Teclado,Accesorios,84246.0,2,0.0,Tienda física,5,Medellín Poblado,Andina,168491.0
116,2025-02-10,102,Mouse,Accesorios,44627.0,1,0.1,Online,2,Medellín Poblado,Andina,40165.0
117,2025-01-28,104,Mouse,Accesorios,45548.0,1,0.1,Online,5,Barranquilla Mall,Caribe,40993.0
118,2025-01-07,104,Mouse,Accesorios,48276.0,1,0.2,Tienda física,4,Barranquilla Mall,Caribe,38621.0
119,2025-03-14,101,Mouse,Accesorios,44832.0,1,0.05,Online,4,Bogotá Centro,Andina,42590.0
120,2025-03-13,102,Teclado,Accesorios,97158.0,1,0.0,Online,3,Medellín Poblado,Andina,97158.0
121,2025-01-12,102,Mouse,Accesorios,46569.0,1,0.1,Online,4,Medellín Poblado,Andina,41912.0
122,2025-02-03,104,Teclado,Accesorios,83466.0,1,0.0,Tienda física,5,Barranquilla Mall,Caribe,83466.0
123,2025-02-02,103,Laptop,Cómputo,3077190.0,1,0.0,Online,4,Cali Norte,Pacífico,3077190.0
124,2025-02-17,102,Laptop,Cómputo,2815250.0,1,0.05,Online,5,Medellín Poblado,Andina,2674488.0
125,2025-01-23,103,Mouse,Accesorios,44027.0,1,0.2,Tienda física,2,Cali Norte,Pacífico,35221.0
126,2025-03-03,104,Teclado,Accesorios,92864.0,1,0.05,Online,4,Barranquilla Mall,Caribe,88221.0
127,2025-03-29,104,Monitor,Cómputo,599156.0,1,0.0,Tienda física,5,Barranquilla Mall,Caribe,599156.0
128,2025-02-06,101,Mouse,Accesorios,46229.0,1,0.1,Tienda física,5,Bogotá Centro,Andina,41606.0
129,2025-02-13,102,Mouse,Accesorios,44984.0,2,0.1,Tienda física,3,Medellín Poblado,Andina,80971.0
130,2025-03-27,103,Monitor,Cómputo,637868.0,1,0.1,Tienda física,4,Cali Norte,Pacífico,574081.0
131,2025-02-04,101,Laptop,Cómputo,3053691.0,1,0.0,Tienda física,3,Bogotá Centro,Andina,3053691.0
132,2025-03-06,102,Mouse,Accesorios,45203.0,1,0.0,Tienda física,4,Medellín Poblado,Andina,45203.0
133,2025-02-16,101,Audífonos,Accesorios,113259.0,2,0.05,Online,5,Bogotá Centro,Andina,215192.0
134,2025-03-19,104,Teclado,Accesorios,89261.0,3,0.1,Tienda física,5,Barranquilla Mall,Caribe,241006.0
135,2025-01-03,102,Mouse,Accesorios,48774.0,2,0.0,Tienda física,3,Medellín Poblado,Andina,97549.0
136,2025-01-01,101,Audífonos,Accesorios,112226.0,2,0.1,Tienda física,5,Bogotá Centro,Andina,202007.0
137,2025-01-05,101,Monitor,Cómputo,612814.0,1,0.2,Tienda física,4,Bogotá Centro,Andina,490252.0
138,2025-03-31,103,Mouse,Accesorios,40617.0,2,0.0,Online,4,Cali Norte,Pacífico,81235.0
139,2025-01-14,101,Teclado,Accesorios,81255.0,2,0.0,Online,4,Bogotá Centro,Andina,162511.0
140,2025-01-27,102,Teclado,Accesorios,95929.0,1,0.05,Online,4,Medellín Poblado,Andina,91133.0
141,2025-01-09,102,Mouse,Accesorios,47089.0,1,0.0,Tienda física,4,Medellín Poblado,Andina,47089.0
142,2025-03-20,103,Mouse,Accesorios,43695.0,28,0.05,Tienda física,4,Cali Norte,Pacífico,1162297.0
143,2025-01-15,102,Mouse,Accesorios,46785.0,3,0.1,Tienda física,4,Medellín Poblado,Andina,126319.0
144,2025-03-31,104,Teclado,Accesorios,88114.0,1,0.2,Tienda física,3,Barranquilla Mall,Caribe,70491.0
145,2025-02-11,102,Mouse,Accesorios,49076.0,2,0.0,Tienda física,5,Medellín Poblado,Andina,98152.0
146,2025-03-18,102,Audífonos,Accesorios,131209.0,1,0.05,Online,4,Medellín Poblado,Andina,124649.0
147,2025-02-20,101,Monitor,Cómputo,636063.0,1,0.0,Tienda física,3,Bogotá Centro,Andina,636063.0
148,2025-03-04,101,Laptop,Cómputo,2998364.0,1,0.05,Online,5,Bogotá Centro,Andina,2848446.0
149,2025-02-21,102,Teclado,Accesorios,94916.0,1,0.0,Tienda física,5,Medellín Poblado,Andina,94916.0
150,2025-01-04,103,Mouse,Accesorios,43290.0,3,0.1,Tienda física,5,Cali Norte,Pacífico,116883.0
151,2025-01-23,101,Teclado,Accesorios,85177.0,2,0.1,Tienda física,4,Bogotá Centro,Andina,153318.0
152,2025-01-15,103,Monitor,Cómputo,644571.0,1,0.1,Tienda física,3,Cali Norte,Pacífico,580113.0
153,2025-02-12,102,Mouse,Accesorios,47532.0,3,0.1,Online,4,Medellín Poblado,Andina,128337.0
154,2025-01-29,102,Teclado,Accesorios,98283.0,1,0.1,Tienda física,3,Medellín Poblado,Andina,88455.0
155,2025-02-05,104,Mouse,Accesorios,47372.0,4,0.1,Tienda física,5,Barranquilla Mall,Caribe,170540.0
156,2025-01-13,101,Laptop,Cómputo,2998916.0,1,0.0,Online,3,Bogotá Centro,Andina,2998916.0
157,2025-02-01,102,Mouse,Accesorios,45928.0,1,0.0,Tienda física,4,Medellín Poblado,Andina,45928.0
158,2025-03-12,104,Mouse,Accesorios,48019.0,1,0.1,Tienda física,4,Barranquilla Mall,Caribe,43217.0
159,2025-02-28,101,Audífonos,Accesorios,126826.0,1,0.0,Tienda física,4,Bogotá Centro,Andina,126826.0
160,2025-03-27,102,Mouse,Accesorios,43893.0,1,0.2,Tienda física,5,Medellín Poblado,Andina,35114.0
161,2025-01-28,102,Mouse,Accesorios,45468.0,2,0.1,Online,4,Medellín Poblado,Andina,81842.0
162,2025-03-07,101,Teclado,Accesorios,95486.0,3,0.05,Online,3,Bogotá Centro,Andina,272134.0
163,2025-02-11,101,Laptop,Cómputo,2545792.0,2,0.1,Online,4,Bogotá Centro,Andina,4582425.0
164,2025-02-14,101,Audífonos,Accesorios,127394.0,1,0.0,Tienda física,4,Bogotá Centro,Andina,127394.0
165,2025-03-03,102,Teclado,Accesorios,84202.0,1,0.0,Tienda física,3,Medellín Poblado,Andina,84202.0
166,2025-02-26,102,Monitor,Cómputo,651909.0,1,0.05,Online,4,Medellín Poblado,Andina,619313.0
167,2025-01-06,104,Mouse,Accesorios,47774.0,1,0.05,Tienda física,4,Barranquilla Mall,Caribe,45386.0
168,2025-01-28,103,Mouse,Accesorios,42784.0,2,0.0,Tienda física,5,Cali Norte,Pacífico,85569.0
169,2025-01-28,101,Mouse,Accesorios,42712.0,1,0.1,Tienda física,5,Bogotá Centro,Andina,38441.0
170,2025-02-13,102,Audífonos,Accesorios,117666.0,1,0.0,Tienda física,5,Medellín Poblado,Andina,117666.0
171,2025-03-25,102,Laptop,Cómputo,3021000.0,1,0.05,Tienda física,5,Medellín Poblado,Andina,2869950.0
172,2025-01-30,101,Mouse,Accesorios,40504.0,4,0.0,Online,3,Bogotá Centro,Andina,162016.0
173,2025-03-03,103,Audífonos,Accesorios,129633.0,1,0.05,Online,3,Cali Norte,Pacífico,123152.0
174,2025-03-16,101,Teclado,Accesorios,83769.0,1,0.1,Tienda física,4,Bogotá Centro,Andina,75392.0
175,2025-03-30,103,Mouse,Accesorios,49411.0,1,0.2,Tienda física,5,Cali Norte,Pacífico,39529.0
176,2025-03-03,102,Laptop,Cómputo,3054714.0,1,0.05,Tienda física,5,Medellín Poblado,Andina,2901979.0
177,2025-01-01,103,Audífonos,Accesorios,119872.0,1,0.2,Online,5,Cali Norte,Pacífico,95898.0
178,2025-01-27,104,Laptop,Cómputo,2807123.0,1,0.05,Tienda física,3,Barranquilla Mall,Caribe,2666767.0
179,2025-03-03,102,Monitor,Cómputo,647601.0,2,0.0,Online,5,Medellín Poblado,Andina,1295203.0
180,2025-03-18,104,Monitor,Cómputo,667608.0,1,0.1,Tienda física,4,Barranquilla Mall,Caribe,600847.0
181,2025-01-03,101,Mouse,Accesorios,41316.0,2,0.0,Tienda física,1,Bogotá Centro,Andina,82633.0
182,2025-03-11,101,Monitor,Cómputo,589240.0,4,0.2,Tienda física,4,Bogotá Centro,Andina,1885569.0
183,2025-03-13,101,Laptop,Cómputo,2552314.0,2,0.0,Online,2,Bogotá Centro,Andina,5104627.0
184,2025-01-27,103,Mouse,Accesorios,44499.0,1,0.1,Tienda física,4,Cali Norte,Pacífico,40049.0
185,2025-01-09,102,Monitor,Cómputo,620821.0,1,0.0,Tienda física,4,Medellín Poblado,Andina,620821.0
186,2025-03-03,101,Audífonos,Accesorios,122929.0,2,0.1,Tienda física,4,Bogotá Centro,Andina,221272.0
187,2025-02-06,101,Teclado,Accesorios,98864.0,2,0.0,Online,4,Bogotá Centro,Andina,197728.0
188,2025-02-20,102,Teclado,Accesorios,87954.0,1,0.2,Online,5,Medellín Poblado,Andina,70363.0
189,2025-02-13,101,Mouse,Accesorios,45665.0,2,0.0,Tienda física,5,Bogotá Centro,Andina,91329.0
190,2025-01-24,104,Laptop,Cómputo,2752738.0,1,0.0,Online,4,Barranquilla Mall,Caribe,2752738.0
191,2025-03-20,102,Laptop,Cómputo,2994472.0,1,0.2,Tienda física,5,Medellín Poblado,Andina,2395578.0
192,2025-02-28,102,Mouse,Accesorios,48620.0,1,0.05,Tienda física,5,Medellín Poblado,Andina,46189.0
193,2025-02-01,102,Mouse,Accesorios,48396.0,1,0.1,Tienda física,3,Medellín Poblado,Andina,43557.0
194,2025-03-29,104,Mouse,Accesorios,49269.0,1,0.0,Tienda física,4,Barranquilla Mall,Caribe,49269.0
195,2025-02-21,102,Mouse,Accesorios,40748.0,2,0.0,Online,4,Medellín Poblado,Andina,81495.0
196,2025-03-03,104,Mouse,Accesorios,48058.0,1,0.1,Online,2,Barranquilla Mall,Caribe,43253.0
197,2025-02-27,102,Teclado,Accesorios,94532.0,1,0.0,Tienda física,5,Medellín Poblado,Andina,94532.0
198,2025-02-21,103,Audífonos,Accesorios,113489.0,1,0.0,Tienda física,5,Cali Norte,Pacífico,113489.0
199,2025-01-12,101,Mouse,Accesorios,49107.0,1,0.0,Online,3,Bogotá Centro,Andina,49107.0
200,2025-02-08,103,Audífonos,Accesorios,111556.0,1,0.0,Online,5,Cali Norte,Pacífico,111556.0
201,2025-01-02,101,Audífonos,Accesorios,124309.0,2,0.2,Tienda física,5,Bogotá Centro,Andina,198895.0
202,2025-01-03,104,Mouse,Accesorios,42524.0,2,0.1,Online,5,Barranquilla Mall,Caribe,76543.0
203,2025-02-25,103,Monitor,Cómputo,641079.0,2,0.1,Tienda física,4,Cali Norte,Pacífico,1153943.0
204,2025-03-22,102,Teclado,Accesorios,93945.0,2,0.0,Tienda física,5,Medellín Poblado,Andina,187890.0
205,2025-02-28,101,Teclado,Accesorios,91140.0,1,0.2,Online,4,Bogotá Centro,Andina,72912.0
206,2025-01-02,101,Mouse,Accesorios,44348.0,1,0.0,Tienda física,4,Bogotá Centro,Andina,44348.0
207,2025-01-02,103,Teclado,Accesorios,86874.0,1,0.0,Tienda física,2,Cali Norte,Pacífico,86874.0
208,2025-02-23,104,Mouse,Accesorios,48057.0,1,0.05,Tienda física,2,Barranquilla Mall,Caribe,45654.0
209,2025-03-28,103,Teclado,Accesorios,83589.0,4,0.2,Online,5,Cali Norte,Pacífico,267484.0
210,2025-01-01,104,Teclado,Accesorios,88742.0,1,0.05,Online,4,Barranquilla Mall,Caribe,84305.0
211,2025-01-19,104,Monitor,Cómputo,702488.0,1,0.0,Tienda física,4,Barranquilla Mall,Caribe,702488.0
212,2025-01-02,101,Teclado,Accesorios,96225.0,3,0.05,Tienda física,3,Bogotá Centro,Andina,274242.0
213,2025-02-22,103,Monitor,Cómputo,637122.0,4,0.0,Tienda física,5,Cali Norte,Pacífico,2548490.0
214,2025-02-13,103,Laptop,Cómputo,2947341.0,2,0.05,Tienda física,1,Cali Norte,Pacífico,5599947.0
215,2025-03-31,104,Mouse,Accesorios,47908.0,1,0.0,Tienda física,5,Barranquilla Mall,Caribe,47908.0
216,2025-02-01,103,Audífonos,Accesorios,129333.0,1,0.05,Online,2,Cali Norte,Pacífico,122867.0
217,2025-03-11,102,Mouse,Accesorios,45401.0,1,0.1,Tienda física,3,Medellín Poblado,Andina,40860.0
218,2025-02-01,102,Laptop,Cómputo,2634498.0,1,0.0,Tienda física,4,Medellín Poblado,Andina,2634498.0
219,2025-03-09,103,Mouse,Accesorios,42798.0,1,0.0,Tienda física,4,Cali Norte,Pacífico,42798.0
220,2025-02-24,103,Mouse,Accesorios,43161.0,1,0.1,Tienda física,4,Cali Norte,Pacífico,38845.0
221,2025-03-16,104,Audífonos,Accesorios,122251.0,4,0.1,Online,4,Barranquilla Mall,Caribe,440105.0
222,2025-02-25,102,Teclado,Accesorios,81591.0,1,0.0,Tienda física,5,Medellín Poblado,Andina,81591.0
223,2025-01-17,102,Audífonos,Accesorios,123265.0,2,0.0,Tienda física,4,Medellín Poblado,Andina,246530.0
224,2025-02-07,101,Teclado,Accesorios,87558.0,2,0.0,Tienda física,1,Bogotá Centro,Andina,175117.0
225,2025-01-24,104,Teclado,Accesorios,86314.0,1,0.2,Tienda física,4,Barranquilla Mall,Caribe,69051.0
226,2025-03-10,101,Mouse,Accesorios,48415.0,2,0.0,Tienda física,5,Bogotá Centro,Andina,96831.0
227,2025-03-11,102,Teclado,Accesorios,89280.0,1,0.0,Tienda física,4,Medellín Poblado,Andina,89280.0
228,2025-03-27,104,Laptop,Cómputo,2573230.0,1,0.0,Tienda física,2,Barranquilla Mall,Caribe,2573230.0
229,2025-01-11,103,Audífonos,Accesorios,127842.0,2,0.2,Tienda física,5,Cali Norte,Pacífico,204547.0
230,2025-01-16,104,Audífonos,Accesorios,109143.0,1,0.05,Tienda física,4,Barranquilla Mall,Caribe,103686.0
231,2025-03-14,103,Mouse,Accesorios,47041.0,4,0.1,Tienda física,4,Cali Norte,Pacífico,169347.0
232,2025-02-28,103,Audífonos,Accesorios,126574.0,1,0.0,Online,2,Cali Norte,Pacífico,126574.0
233,2025-03-11,104,Audífonos,Accesorios,116462.0,2,0.1,Tienda física,3,Barranquilla Mall,Caribe,209632.0
234,2025-03-21,103,Monitor,Cómputo,692222.0,1,0.0,Tienda física,4,Cali Norte,Pacífico,692222.0
235,2025-01-03,101,Laptop,Cómputo,2808769.0,1,0.05,Tienda física,3,Bogotá Centro,Andina,2668331.0
236,2025-01-20,102,Teclado,Accesorios,89339.0,1,0.0,Tienda física,4,Medellín Poblado,Andina,89339.0
237,2025-02-28,103,Teclado,Accesorios,81817.0,2,0.05,Online,4,Cali Norte,Pacífico,155453.0
238,2025-02-05,101,Mouse,Accesorios,43110.0,3,0.05,Tienda física,4,Bogotá Centro,Andina,122864.0
239,2025-01-19,103,Laptop,Cómputo,3041366.0,3,0.1,Online,5,Cali Norte,Pacífico,8211687.0
240,2025-03-31,102,Monitor,Cómputo,635937.0,1,0.0,Tienda física,5,Medellín Poblado,Andina,635937.0
241,2025-03-08,101,Laptop,Cómputo,2826152.0,2,0.0,Tienda física,5,Bogotá Centro,Andina,5652305.0
242,2025-01-19,102,Teclado,Accesorios,90576.0,2,0.0,Online,2,Medellín Poblado,Andina,181153.0
243,2025-01-20,102,Audífonos,Accesorios,122170.0,2,0.0,Tienda física,3,Medellín Poblado,Andina,244341.0
244,2025-03-12,101,Audífonos,Accesorios,109472.0,1,0.0,Tienda física,4,Bogotá Centro,Andina,109472.0
245,2025-02-21,101,Mouse,Accesorios,43760.0,2,0.0,Tienda física,3,Bogotá Centro,Andina,87519.0
246,2025-02-02,101,Audífonos,Accesorios,125355.0,3,0.0,Online,5,Bogotá Centro,Andina,376065.0
247,2025-02-09,104,Laptop,Cómputo,2632314.0,1,0.0,Tienda física,3,Barranquilla Mall,Caribe,2632314.0
248,2025-02-08,101,Laptop,Cómputo,2634004.0,3,0.2,Online,4,Bogotá Centro,Andina,6321609.0
249,2025-03-23,101,Teclado,Accesorios,81182.0,2,0.0,Tienda física,4,Bogotá Centro,Andina,162363.0
250,2025-01-01,101,Mouse,Accesorios,44437.0,1,0.2,Online,4,Bogotá Centro,Andina,35550.0
251,2025-01-11,101,Mouse,Accesorios,48445.0,1,0.0,Tienda física,3,Bogotá Centro,Andina,48445.0
252,2025-02-26,103,Teclado,Accesorios,81934.0,1,0.0,Online,4,Cali Norte,Pacífico,81934.0
253,2025-03-30,104,Mouse,Accesorios,42220.0,1,0.2,Tienda física,4,Barranquilla Mall,Caribe,33776.0
254,2025-02-19,102,Mouse,Accesorios,43291.0,3,0.2,Online,5,Medellín Poblado,Andina,103898.0
255,2025-01-23,101,Teclado,Accesorios,94171.0,1,0.2,Tienda física,2,Bogotá Centro,Andina,75337.0
256,2025-01-31,103,Monitor,Cómputo,668283.0,3,0.05,Tienda física,5,Cali Norte,Pacífico,1904605.0
257,2025-02-11,103,Teclado,Accesorios,88487.0,3,0.0,Tienda física,5,Cali Norte,Pacífico,265461.0
258,2025-01-07,103,Mouse,Accesorios,47332.0,1,0.0,Tienda física,4,Cali Norte,Pacífico,47332.0
259,2025-01-16,102,Mouse,Accesorios,45987.0,3,0.0,Tienda física,5,Medellín Poblado,Andina,137960.0
260,2025-03-31,101,Mouse,Accesorios,48564.0,4,0.05,Online,2,Bogotá Centro,Andina,184545.0
261,2025-03-01,104,Laptop,Cómputo,2978095.0,2,0.0,Online,5,Barranquilla Mall,Caribe,5956190.0
262,2025-01-02,104,Monitor,Cómputo,617866.0,2,0.0,Tienda física,4,Barranquilla Mall,Caribe,1235732.0
263,2025-01-01,103,Mouse,Accesorios,42943.0,4,0.2,Online,4,Cali Norte,Pacífico,137417.0
264,2025-02-17,102,Mouse,Accesorios,41628.0,2,0.0,Tienda física,4,Medellín Poblado,Andina,83256.0
265,2025-01-12,102,Monitor,Cómputo,628805.0,1,0.0,Tienda física,2,Medellín Poblado,Andina,628805.0
266,2025-03-10,102,Teclado,Accesorios,98992.0,3,0.0,Online,5,Medellín Poblado,Andina,296975.0
267,2025-02-06,104,Teclado,Accesorios,88304.0,2,0.0,Online,2,Barranquilla Mall,Caribe,176607.0
268,2025-02-01,103,Mouse,Accesorios,42484.0,2,0.05,Online,5,Cali Norte,Pacífico,80720.0
269,2025-01-09,101,Mouse,Accesorios,47362.0,1,0.0,Tienda física,4,Bogotá Centro,Andina,47362.0
270,2025-01-19,104,Mouse,Accesorios,45382.0,2,0.0,Online,5,Barranquilla Mall,Caribe,90764.0
271,2025-02-17,103,Mouse,Accesorios,41846.0,1,0.1,Tienda física,3,Cali Norte,Pacífico,37662.0
272,2025-03-21,103,Monitor,Cómputo,634490.0,3,0.0,Tienda física,4,Cali Norte,Pacífico,1903469.0
273,2025-01-03,101,Audífonos,Accesorios,117947.0,1,0.05,Tienda física,4,Bogotá Centro,Andina,112050.0
274,2025-01-20,101,Monitor,Cómputo,682998.0,1,0.2,Online,5,Bogotá Centro,Andina,546398.0
275,2025-01-24,101,Monitor,Cómputo,587687.0,1,0.05,Online,2,Bogotá Centro,Andina,558303.0
276,2025-02-23,102,Mouse,Accesorios,42921.0,1,0.2,Online,3,Medellín Poblado,Andina,34337.0
277,2025-02-02,101,Monitor,Cómputo,652288.0,2,0.05,Tienda física,3,Bogotá Centro,Andina,1239346.0
278,2025-01-24,103,Mouse,Accesorios,42920.0,3,0.0,Tienda física,5,Cali Norte,Pacífico,128759.0
279,2025-03-16,101,Teclado,Accesorios,92312.0,3,0.2,Tienda física,3,Bogotá Centro,Andina,221548.0
280,2025-03-13,103,Teclado,Accesorios,89674.0,1,0.0,Tienda física,4,Cali Norte,Pacífico,89674.0
281,2025-02-05,104,Mouse,Accesorios,43755.0,1,0.2,Tienda física,3,Barranquilla Mall,Caribe,35004.0
282,2025-02-07,102,Mouse,Accesorios,49043.0,3,0.0,Online,5,Medellín Poblado,Andina,147129.0
283,2025-03-25,104,Audífonos,Accesorios,123172.0,3,0.0,Tienda física,5,Barranquilla Mall,Caribe,369515.0
284,2025-03-30,104,Mouse,Accesorios,41669.0,1,0.0,Tienda física,4,Barranquilla Mall,Caribe,41669.0
285,2025-01-25,103,Laptop,Cómputo,2833651.0,1,0.05,Tienda física,4,Cali Norte,Pacífico,2691969.0
286,2025-01-18,104,Mouse,Accesorios,47527.0,1,0.0,Tienda física,3,Barranquilla Mall,Caribe,47527.0
287,2025-03-23,103,Monitor,Cómputo,677104.0,3,0.05,Tienda física,2,Cali Norte,Pacífico,1929745.0
288,2025-03-07,101,Teclado,Accesorios,84098.0,2,0.1,Online,4,Bogotá Centro,Andina,151376.0
289,2025-02-23,101,Monitor,Cómputo,711415.0,1,0.05,Tienda física,5,Bogotá Centro,Andina,675844.0
290,2025-02-04,103,Mouse,Accesorios,44539.0,1,0.05,Online,4,Cali Norte,Pacífico,42312.0
291,2025-03-21,101,Teclado,Accesorios,83862.0,3,0.0,Tienda física,5,Bogotá Centro,Andina,251587.0
292,2025-03-02,102,Mouse,Accesorios,42122.0,1,0.2,Tienda física,4,Medellín Poblado,Andina,33697.0
293,2025-02-10,104,Audífonos,Accesorios,110358.0,1,0.1,Tienda física,5,Barranquilla Mall,Caribe,99322.0
294,2025-02-02,102,Teclado,Accesorios,95463.0,2,0.05,Online,4,Medellín Poblado,Andina,181380.0
295,2025-03-09,104,Mouse,Accesorios,41598.0,1,0.05,Online,4,Barranquilla Mall,Caribe,39518.0
296,2025-02-02,101,Laptop,Cómputo,2590070.0,1,0.1,Tienda física,4,Bogotá Centro,Andina,2331063.0
297,2025-01-14,102,Laptop,Cómputo,2996264.0,3,0.1,Tienda física,4,Medellín Poblado,Andina,8089913.0
298,2025-01-21,101,Mouse,Accesorios,43601.0,3,0.0,Tienda física,4,Bogotá Centro,Andina,130804.0
299,2025-02-17,104,Mouse,Accesorios,40778.0,3,0.0,Tienda física,5,Barranquilla Mall,Caribe,122333.0
300,2025-01-20,103,Teclado,Accesorios,81934.0,3,0.1,Online,5,Cali Norte,Pacífico,221222.0
301,2025-01-08,103,Teclado,Accesorios,83559.0,2,0.1,Tienda física,4,Cali Norte,Pacífico,150406.0
302,2025-01-07,102,Mouse,Accesorios,42421.0,3,0.0,Tienda física,2,Medellín Poblado,Andina,127262.0
303,2025-03-08,101,Laptop,Cómputo,2892482.0,1,0.2,Tienda física,4,Bogotá Centro,Andina,2313985.0
304,2025-01-17,101,Laptop,Cómputo,2608103.0,2,0.1,Tienda física,4,Bogotá Centro,Andina,4694585.0
305,2025-02-02,102,Audífonos,Accesorios,110853.0,4,0.0,Tienda física,3,Medellín Poblado,Andina,443412.0
306,2025-02-17,103,Mouse,Accesorios,47382.0,1,0.2,Tienda física,5,Cali Norte,Pacífico,37906.0
307,2025-03-17,104,Monitor,Cómputo,672237.0,1,0.2,Online,5,Barranquilla Mall,Caribe,537790.0
308,2025-02-28,102,Audífonos,Accesorios,118448.0,1,0.05,Online,5,Medellín Poblado,Andina,112525.0
309,2025-03-27,104,Teclado,Accesorios,90888.0,1,0.05,Tienda física,3,Barranquilla Mall,Caribe,86343.0
310,2025-01-22,103,Audífonos,Accesorios,115488.0,1,0.05,Online,5,Cali Norte,Pacífico,109713.0
311,2025-01-30,101,Mouse,Accesorios,44843.0,3,0.05,Tienda física,5,Bogotá Centro,Andina,127801.0
312,2025-02-07,103,Audífonos,Accesorios,120160.0,4,0.0,Tienda física,4,Cali Norte,Pacífico,480641.0
313,2025-02-20,102,Laptop,Cómputo,2736853.0,1,0.1,Tienda física,4,Medellín Poblado,Andina,2463168.0
314,2025-02-23,101,Laptop,Cómputo,3027680.0,1,0.05,Tienda física,5,Bogotá Centro,Andina,2876296.0
315,2025-01-08,102,Monitor,Cómputo,587088.0,1,0.0,Tienda física,4,Medellín Poblado,Andina,587088.0
316,2025-01-27,102,Audífonos,Accesorios,126772.0,3,0.05,Tienda física,4,Medellín Poblado,Andina,361301.0
317,2025-01-27,103,Audífonos,Accesorios,110985.0,1,0.1,Tienda física,4,Cali Norte,Pacífico,99887.0
318,2025-01-21,102,Laptop,Cómputo,2966627.0,1,0.05,Online,4,Medellín Poblado,Andina,2818295.0
319,2025-01-30,103,Mouse,Accesorios,46043.0,1,0.0,Tienda física,3,Cali Norte,Pacífico,46043.0
320,2025-01-28,101,Audífonos,Accesorios,128239.0,1,0.0,Tienda física,5,Bogotá Centro,Andina,128239.0
321,2025-03-05,103,Mouse,Accesorios,41378.0,1,0.0,Tienda física,5,Cali Norte,Pacífico,41378.0
322,2025-03-10,101,Monitor,Cómputo,657667.0,3,0.1,Tienda física,4,Bogotá Centro,Andina,1775702.0
323,2025-03-02,103,Audífonos,Accesorios,120026.0,2,0.0,Tienda física,2,Cali Norte,Pacífico,240052.0
324,2025-02-17,104,Teclado,Accesorios,93711.0,2,0.0,Online,4,Barranquilla Mall,Caribe,187423.0
325,2025-01-19,104,Mouse,Accesorios,45309.0,1,0.0,Tienda física,3,Barranquilla Mall,Caribe,45309.0
326,2025-01-04,102,Teclado,Accesorios,90733.0,2,0.1,Tienda física,2,Medellín Poblado,Andina,163320.0
327,2025-02-04,103,Mouse,Accesorios,44366.0,2,0.1,Tienda física,4,Cali Norte,Pacífico,79859.0
328,2025-03-05,103,Audífonos,Accesorios,115412.0,1,0.0,Tienda física,4,Cali Norte,Pacífico,115412.0
329,2025-02-18,101,Teclado,Accesorios,89681.0,2,0.0,Tienda física,4,Bogotá Centro,Andina,179362.0
330,2025-01-17,102,Audífonos,Accesorios,110844.0,1,0.0,Tienda física,2,Medellín Poblado,Andina,110844.0
331,2025-02-13,103,Laptop,Cómputo,3058447.0,3,0.2,Tienda física,4,Cali Norte,Pacífico,7340274.0
332,2025-01-30,102,Audífonos,Accesorios,125146.0,1,0.0,Tienda física,3,Medellín Poblado,Andina,125146.0
333,2025-02-15,104,Mouse,Accesorios,49072.0,4,0.05,Tienda física,5,Barranquilla Mall,Caribe,186474.0
334,2025-01-06,103,Laptop,Cómputo,2646967.0,1,0.0,Online,4,Cali Norte,Pacífico,2646967.0
335,2025-02-06,103,Laptop,Cómputo,3012431.0,2,0.1,Tienda física,5,Cali Norte,Pacífico,5422376.0
336,2025-01-24,102,Monitor,Cómputo,690143.0,2,0.0,Online,4,Medellín Poblado,Andina,1380285.0
337,2025-02-15,103,Monitor,Cómputo,673030.0,2,0.05,Online,2,Cali Norte,Pacífico,1278757.0
338,2025-02-22,102,Audífonos,Accesorios,123001.0,1,0.0,Tienda física,5,Medellín Poblado,Andina,123001.0
339,2025-03-01,103,Laptop,Cómputo,2697268.0,1,0.2,Tienda física,4,Cali Norte,Pacífico,2157814.0
340,2025-03-04,101,Laptop,Cómputo,2977190.0,2,0.1,Tienda física,4,Bogotá Centro,Andina,5358942.0
341,2025-03-26,102,Teclado,Accesorios,90027.0,1,0.2,Online,4,Medellín Poblado,Andina,72022.0
342,2025-02-01,103,Mouse,Accesorios,41138.0,1,0.1,Tienda física,1,Cali Norte,Pacífico,37024.0
343,2025-03-28,104,Teclado,Accesorios,86632.0,2,0.0,Online,5,Barranquilla Mall,Caribe,173263.0
344,2025-02-02,103,Audífonos,Accesorios,130447.0,1,0.0,Online,4,Cali Norte,Pacífico,130447.0
345,2025-03-08,104,Audífonos,Accesorios,128416.0,1,0.0,Online,4,Barranquilla Mall,Caribe,128416.0
346,2025-01-18,104,Audífonos,Accesorios,131566.0,1,0.1,Tienda física,2,Barranquilla Mall,Caribe,118409.0
347,2025-01-25,101,Monitor,Cómputo,666639.0,1,0.0,Tienda física,3,Bogotá Centro,Andina,666639.0
348,2025-02-23,102,Mouse,Accesorios,42728.0,2,0.0,Online,5,Medellín Poblado,Andina,85455.0
349,2025-02-27,103,Mouse,Accesorios,41965.0,2,0.2,Tienda física,5,Cali Norte,Pacífico,67145.0
350,2025-03-08,101,Teclado,Accesorios,84364.0,3,0.05,Tienda física,3,Bogotá Centro,Andina,240439.0
351,2025-02-15,103,Audífonos,Accesorios,108475.0,4,0.1,Online,2,Cali Norte,Pacífico,390510.0
352,2025-01-24,104,Laptop,Cómputo,2738782.0,1,0.2,Tienda física,5,Barranquilla Mall,Caribe,2191026.0
353,2025-02-01,102,Mouse,Accesorios,42223.0,1,0.0,Online,4,Medellín Poblado,Andina,42223.0
354,2025-02-16,103,Laptop,Cómputo,2750527.0,1,0.0,Online,4,Cali Norte,Pacífico,2750527.0
355,2025-03-27,103,Teclado,Accesorios,97830.0,1,0.05,Tienda física,4,Cali Norte,Pacífico,92938.0
356,2025-01-23,104,Audífonos,Accesorios,118333.0,4,0.0,Online,3,Barranquilla Mall,Caribe,473332.0
357,2025-03-07,103,Monitor,Cómputo,699138.0,1,0.0,Tienda física,5,Cali Norte,Pacífico,699138.0
358,2025-01-27,103,Mouse,Accesorios,45950.0,1,0.1,Tienda física,5,Cali Norte,Pacífico,41355.0
359,2025-01-02,104,Audífonos,Accesorios,113931.0,1,0.2,Tienda física,3,Barranquilla Mall,Caribe,91145.0
360,2025-03-31,101,Monitor,Cómputo,631261.0,2,0.0,Tienda física,4,Bogotá Centro,Andina,1262522.0
361,2025-01-17,104,Laptop,Cómputo,2566995.0,2,0.2,Tienda física,4,Barranquilla Mall,Caribe,4107192.0
362,2025-02-02,101,Mouse,Accesorios,43501.0,1,0.1,Tienda física,4,Bogotá Centro,Andina,39151.0
363,2025-01-09,102,Mouse,Accesorios,46598.0,4,0.0,Tienda física,4,Medellín Poblado,Andina,186391.0
364,2025-02-12,101,Laptop,Cómputo,2560382.0,1,0.0,Tienda física,5,Bogotá Centro,Andina,2560382.0
365,2025-02-17,101,Audífonos,Accesorios,112930.0,1,0.05,Online,4,Bogotá Centro,Andina,107283.0
366,2025-02-08,102,Teclado,Accesorios,87866.0,3,0.0,Online,4,Medellín Poblado,Andina,263598.0
367,2025-02-11,101,Audífonos,Accesorios,131569.0,1,0.05,Tienda física,4,Bogotá Centro,Andina,124991.0
368,2025-01-26,104,Mouse,Accesorios,47564.0,3,0.0,Tienda física,3,Barranquilla Mall,Caribe,142691.0
369,2025-02-19,101,Laptop,Cómputo,2930753.0,4,0.2,Tienda física,2,Bogotá Centro,Andina,9378408.0
370,2025-01-25,102,Teclado,Accesorios,83091.0,2,0.0,Tienda física,5,Medellín Poblado,Andina,166183.0
371,2025-01-24,104,Laptop,Cómputo,2957358.0,2,0.0,Online,3,Barranquilla Mall,Caribe,5914715.0
372,2025-01-13,102,Teclado,Accesorios,95135.0,1,0.0,Online,5,Medellín Poblado,Andina,95135.0
373,2025-03-01,102,Audífonos,Accesorios,122426.0,4,0.0,Tienda física,4,Medellín Poblado,Andina,489706.0
374,2025-01-07,103,Teclado,Accesorios,98827.0,1,0.1,Tienda física,4,Cali Norte,Pacífico,88944.0
375,2025-02-26,103,Teclado,Accesorios,86855.0,2,0.05,Tienda física,4,Cali Norte,Pacífico,165024.0
376,2025-02-05,102,Mouse,Accesorios,48971.0,3,0.2,Tienda física,4,Medellín Poblado,Andina,117531.0
377,2025-02-14,102,Laptop,Cómputo,3032249.0,4,0.05,Tienda física,3,Medellín Poblado,Andina,11522548.0
378,2025-01-20,102,Laptop,Cómputo,2526429.0,3,0.05,Online,4,Medellín Poblado,Andina,7200323.0
379,2025-03-06,103,Teclado,Accesorios,89102.0,1,0.2,Online,5,Cali Norte,Pacífico,71282.0
380,2025-01-08,103,Laptop,Cómputo,3067178.0,4,0.2,Tienda física,5,Cali Norte,Pacífico,9814971.0
381,2025-01-16,101,Mouse,Accesorios,41428.0,2,0.0,Tienda física,4,Bogotá Centro,Andina,82856.0
382,2025-01-14,101,Teclado,Accesorios,90860.0,4,0.05,Online,4,Bogotá Centro,Andina,345268.0
383,2025-03-17,102,Mouse,Accesorios,49311.0,2,0.1,Tienda física,3,Medellín Poblado,Andina,88759.0
384,2025-03-28,104,Mouse,Accesorios,45499.0,1,0.1,Tienda física,3,Barranquilla Mall,Caribe,40950.0
385,2025-01-15,104,Mouse,Accesorios,42208.0,1,0.0,Tienda física,1,Barranquilla Mall,Caribe,42208.0
386,2025-03-07,103,Audífonos,Accesorios,121972.0,2,0.2,Online,5,Cali Norte,Pacífico,195156.0
387,2025-02-01,103,Monitor,Cómputo,611577.0,2,0.0,Tienda física,3,Cali Norte,Pacífico,1223155.0
388,2025-03-28,103,Teclado,Accesorios,90355.0,1,0.1,Online,3,Cali Norte,Pacífico,81319.0
389,2025-03-04,102,Laptop,Cómputo,2561464.0,2,0.0,Online,4,Medellín Poblado,Andina,5122927.0
390,2025-03-27,104,Audífonos,Accesorios,122532.0,1,0.0,Online,3,Barranquilla Mall,Caribe,122532.0
391,2025-02-20,101,Monitor,Cómputo,652183.0,3,0.0,Online,4,Bogotá Centro,Andina,1956548.0
392,2025-01-25,102,Mouse,Accesorios,47161.0,1,0.1,Tienda física,2,Medellín Poblado,Andina,42445.0
393,2025-02-27,101,Audífonos,Accesorios,123137.0,1,0.0,Tienda física,3,Bogotá Centro,Andina,123137.0
394,2025-03-04,101,Mouse,Accesorios,45446.0,1,0.0,Online,4,Bogotá Centro,Andina,45446.0
395,2025-03-03,102,Teclado,Accesorios,93416.0,1,0.1,Online,4,Medellín Poblado,Andina,84074.0
396,2025-01-22,101,Teclado,Accesorios,83591.0,1,0.0,Tienda física,5,Bogotá Centro,Andina,83591.0
397,2025-02-27,104,Mouse,Accesorios,45858.0,1,0.0,Tienda física,4,Barranquilla Mall,Caribe,45858.0
398,2025-02-27,101,Audífonos,Accesorios,112131.0,1,0.0,Online,4,Bogotá Centro,Andina,112131.0
399,2025-03-27,104,Monitor,Cómputo,705318.0,4,0.0,Online,5,Barranquilla Mall,Caribe,2821272.0
400,2025-02-18,104,Teclado,Accesorios,82230.0,3,0.1,Tienda física,3,Barranquilla Mall,Caribe,222021.0
401,2025-02-21,104,Mouse,Accesorios,44373.0,1,0.2,Tienda física,4,Barranquilla Mall,Caribe,35499.0
402,2025-02-11,103,Laptop,Cómputo,2909647.0,4,0.1,Tienda física,4,Cali Norte,Pacífico,10474728.0
403,2025-03-11,101,Mouse,Accesorios,44622.0,1,0.05,Tienda física,4,Bogotá Centro,Andina,42391.0
404,2025-01-15,102,Monitor,Cómputo,596972.0,2,0.05,Tienda física,4,Medellín Poblado,Andina,1134248.0
405,2025-02-23,102,Mouse,Accesorios,45480.0,2,0.05,Tienda física,5,Medellín Poblado,Andina,86413.0
406,2025-03-01,101,Teclado,Accesorios,92549.0,1,0.1,Tienda física,5,Bogotá Centro,Andina,83294.0
407,2025-01-08,103,Monitor,Cómputo,676493.0,1,0.0,Tienda física,4,Cali Norte,Pacífico,676493.0
408,2025-02-22,103,Laptop,Cómputo,2729025.0,1,0.1,Online,4,Cali Norte,Pacífico,2456123.0
409,2025-03-01,104,Monitor,Cómputo,658276.0,1,0.2,Online,3,Barranquilla Mall,Caribe,526621.0
410,2025-01-05,101,Laptop,Cómputo,2772384.0,2,0.0,Tienda física,4,Bogotá Centro,Andina,5544769.0
411,2025-03-09,101,Audífonos,Accesorios,124129.0,1,0.1,Tienda física,4,Bogotá Centro,Andina,111716.0
412,2025-01-06,102,Teclado,Accesorios,91504.0,1,0.1,Online,4,Medellín Poblado,Andina,82354.0
413,2025-02-16,101,Mouse,Accesorios,45232.0,1,0.0,Tienda física,5,Bogotá Centro,Andina,45232.0
414,2025-02-24,103,Mouse,Accesorios,42746.0,1,0.0,Online,4,Cali Norte,Pacífico,42746.0
415,2025-02-09,101,Mouse,Accesorios,40518.0,1,0.0,Online,4,Bogotá Centro,Andina,40518.0
416,2025-02-21,102,Monitor,Cómputo,607631.0,1,0.1,Tienda física,4,Medellín Poblado,Andina,546868.0
417,2025-01-16,104,Monitor,Cómputo,600219.0,3,0.0,Online,5,Barranquilla Mall,Caribe,1800656.0
418,2025-01-13,102,Teclado,Accesorios,89084.0,1,0.0,Tienda física,5,Medellín Poblado,Andina,89084.0
419,2025-01-30,102,Laptop,Cómputo,2862865.0,1,0.0,Tienda física,4,Medellín Poblado,Andina,2862865.0
420,2025-01-19,104,Mouse,Accesorios,42418.0,2,0.2,Tienda física,4,Barranquilla Mall,Caribe,67868.0
421,2025-01-17,102,Laptop,Cómputo,3045872.0,1,0.0,Tienda física,5,Medellín Poblado,Andina,3045872.0
422,2025-03-04,102,Teclado,Accesorios,81120.0,2,0.0,Online,2,Medellín Poblado,Andina,162241.0
423,2025-01-19,101,Audífonos,Accesorios,126535.0,2,0.0,Tienda física,5,Bogotá Centro,Andina,253070.0
424,2025-02-27,101,Mouse,Accesorios,46127.0,1,0.05,Tienda física,4,Bogotá Centro,Andina,43821.0
425,2025-02-24,104,Mouse,Accesorios,43862.0,1,0.0,Tienda física,4,Barranquilla Mall,Caribe,43862.0
426,2025-03-31,101,Teclado,Accesorios,81909.0,1,0.0,Online,4,Bogotá Centro,Andina,81909.0
427,2025-03-31,101,Audífonos,Accesorios,123060.0,1,0.0,Tienda física,5,Bogotá Centro,Andina,123060.0
428,2025-03-03,102,Monitor,Cómputo,635130.0,1,0.0,Tienda física,1,Medellín Poblado,Andina,635130.0
429,2025-01-23,103,Audífonos,Accesorios,130470.0,1,0.2,Online,5,Cali Norte,Pacífico,104376.0
430,2025-01-09,101,Mouse,Accesorios,45378.0,1,0.05,Tienda física,4,Bogotá Centro,Andina,43109.0
431,2025-01-12,103,Mouse,Accesorios,48957.0,1,0.0,Online,4,Cali Norte,Pacífico,48957.0
432,2025-01-01,101,Audífonos,Accesorios,113292.0,2,0.0,Tienda física,3,Bogotá Centro,Andina,226583.0
433,2025-02-27,101,Monitor,Cómputo,679344.0,2,0.1,Online,4,Bogotá Centro,Andina,1222820.0
434,2025-01-01,104,Mouse,Accesorios,46055.0,1,0.0,Online,4,Barranquilla Mall,Caribe,46055.0
435,2025-02-03,104,Monitor,Cómputo,681123.0,1,0.1,Tienda física,4,Barranquilla Mall,Caribe,613011.0
436,2025-02-17,104,Audífonos,Accesorios,113152.0,3,0.2,Tienda física,5,Barranquilla Mall,Caribe,271565.0
437,2025-03-30,103,Teclado,Accesorios,92970.0,2,0.0,Online,4,Cali Norte,Pacífico,185940.0
438,2025-01-01,102,Monitor,Cómputo,649745.0,3,0.0,Tienda física,5,Medellín Poblado,Andina,1949236.0
439,2025-01-16,101,Mouse,Accesorios,47185.0,1,0.05,Online,4,Bogotá Centro,Andina,44826.0
440,2025-03-02,101,Teclado,Accesorios,86887.0,2,0.1,Tienda física,5,Bogotá Centro,Andina,156396.0
441,2025-03-05,101,Teclado,Accesorios,97021.0,1,0.05,Tienda física,3,Bogotá Centro,Andina,92170.0
442,2025-03-04,103,Audífonos,Accesorios,110023.0,1,0.2,Tienda física,4,Cali Norte,Pacífico,88019.0
443,2025-03-10,104,Audífonos,Accesorios,127373.0,1,0.0,Online,4,Barranquilla Mall,Caribe,127373.0
444,2025-01-22,102,Audífonos,Accesorios,128672.0,1,0.1,Tienda física,4,Medellín Poblado,Andina,115805.0
445,2025-03-08,103,Laptop,Cómputo,2977661.0,1,0.2,Online,5,Cali Norte,Pacífico,2382129.0
446,2025-03-17,104,Monitor,Cómputo,651654.0,1,0.05,Online,2,Barranquilla Mall,Caribe,619072.0
447,2025-01-26,103,Monitor,Cómputo,641990.0,2,0.05,Tienda física,2,Cali Norte,Pacífico,1219781.0
448,2025-01-16,102,Monitor,Cómputo,714514.0,3,0.1,Tienda física,5,Medellín Poblado,Andina,1929188.0
449,2025-02-20,104,Monitor,Cómputo,614792.0,1,0.0,Online,3,Barranquilla Mall,Caribe,614792.0
450,2025-03-27,103,Audífonos,Accesorios,121125.0,1,0.05,Tienda física,5,Cali Norte,Pacífico,115069.0
451,2025-02-26,102,Teclado,Accesorios,93072.0,1,0.0,Online,4,Medellín Poblado,Andina,93072.0
452,2025-01-29,101,Teclado,Accesorios,93616.0,2,0.2,Tienda física,5,Bogotá Centro,Andina,149785.0
453,2025-03-19,102,Laptop,Cómputo,2634254.0,1,0.1,Tienda física,3,Medellín Poblado,Andina,2370828.0
454,2025-03-10,101,Mouse,Accesorios,46386.0,4,0.0,Online,3,Bogotá Centro,Andina,185544.0
455,2025-02-16,103,Teclado,Accesorios,95731.0,1,0.0,Tienda física,4,Cali Norte,Pacífico,95731.0
456,2025-03-03,104,Monitor,Cómputo,591502.0,1,0.0,Tienda física,5,Barranquilla Mall,Caribe,591502.0
457,2025-03-10,104,Mouse,Accesorios,48704.0,2,0.0,Tienda física,4,Barranquilla Mall,Caribe,97407.0
458,2025-03-17,103,Laptop,Cómputo,2536522.0,26,0.05,Tienda física,4,Cali Norte,Pacífico,62652100.0
459,2025-01-16,104,Monitor,Cómputo,631276.0,1,0.0,Tienda física,4,Barranquilla Mall,Caribe,631276.0
460,2025-03-31,104,Laptop,Cómputo,2528855.0,26,0.0,Online,5,Barranquilla Mall,Caribe,65750240.0
461,2025-03-31,101,Mouse,Accesorios,41194.0,4,0.2,Tienda física,5,Bogotá Centro,Andina,131822.0
462,2025-02-17,103,Laptop,Cómputo,3030254.0,1,0.0,Tienda física,5,Cali Norte,Pacífico,3030254.0
463,2025-03-26,102,Mouse,Accesorios,43694.0,3,0.0,Online,1,Medellín Poblado,Andina,131081.0
464,2025-02-08,101,Mouse,Accesorios,44323.0,1,0.0,Tienda física,3,Bogotá Centro,Andina,44323.0
465,2025-02-02,103,Mouse,Accesorios,42438.0,2,0.0,Tienda física,4,Cali Norte,Pacífico,84876.0
466,2025-01-23,101,Mouse,Accesorios,45874.0,2,0.05,Online,5,Bogotá Centro,Andina,87160.0
467,2025-01-10,102,Audífonos,Accesorios,122275.0,1,0.0,Online,4,Medellín Poblado,Andina,122275.0
468,2025-03-10,102,Teclado,Accesorios,87700.0,3,0.05,Tienda física,3,Medellín Poblado,Andina,249944.0
469,2025-02-03,103,Monitor,Cómputo,628295.0,1,0.05,Tienda física,5,Cali Norte,Pacífico,596880.0
470,2025-02-21,102,Laptop,Cómputo,3015580.0,1,0.1,Tienda física,2,Medellín Poblado,Andina,2714022.0
471,2025-01-10,101,Mouse,Accesorios,43950.0,2,0.0,Tienda física,4,Bogotá Centro,Andina,87899.0
472,2025-01-19,102,Monitor,Cómputo,649155.0,1,0.2,Tienda física,4,Medellín Poblado,Andina,519324.0
473,2025-02-27,101,Laptop,Cómputo,2678651.0,2,0.0,Tienda física,4,Bogotá Centro,Andina,5357301.0
474,2025-01-01,101,Teclado,Accesorios,95162.0,1,0.0,Tienda física,5,Bogotá Centro,Andina,95162.0
475,2025-03-10,102,Teclado,Accesorios,88154.0,1,0.1,Tienda física,4,Medellín Poblado,Andina,79339.0
476,2025-01-04,103,Teclado,Accesorios,90245.0,1,0.05,Tienda física,4,Cali Norte,Pacífico,85733.0
477,2025-01-16,104,Laptop,Cómputo,2661880.0,1,0.05,Online,4,Barranquilla Mall,Caribe,2528786.0
478,2025-01-24,102,Mouse,Accesorios,49389.0,1,0.0,Tienda física,4,Medellín Poblado,Andina,49389.0
479,2025-03-21,101,Teclado,Accesorios,86247.0,2,0.1,Tienda física,4,Bogotá Centro,Andina,155244.0
480,2025-01-02,101,Laptop,Cómputo,2951616.0,3,0.0,Tienda física,4,Bogotá Centro,Andina,8854847.0
481,2025-02-01,102,Monitor,Cómputo,640574.0,3,0.1,Tienda física,2,Medellín Poblado,Andina,1729551.0
482,2025-03-25,103,Monitor,Cómputo,611808.0,1,0.0,Online,3,Cali Norte,Pacífico,611808.0
483,2025-01-24,103,Audífonos,Accesorios,127193.0,1,0.0,Tienda física,3,Cali Norte,Pacífico,127193.0
484,2025-01-12,101,Mouse,Accesorios,43502.0,1,0.0,Tienda física,4,Bogotá Centro,Andina,43502.0
485,2025-02-19,101,Audífonos,Accesorios,128765.0,1,0.0,Tienda física,5,Bogotá Centro,Andina,128765.0
486,2025-02-04,103,Teclado,Accesorios,97475.0,1,0.2,Online,5,Cali Norte,Pacífico,77980.0
487,2025-02-02,104,Mouse,Accesorios,48238.0,1,0.05,Tienda física,5,Barranquilla Mall,Caribe,45826.0
488,2025-02-02,102,Laptop,Cómputo,2539604.0,1,0.2,Tienda física,4,Medellín Poblado,Andina,2031684.0
489,2025-03-02,101,Monitor,Cómputo,687359.0,4,0.0,Tienda física,4,Bogotá Centro,Andina,2749434.0
490,2025-02-20,101,Mouse,Accesorios,44202.0,1,0.2,Tienda física,4,Bogotá Centro,Andina,35362.0
491,2025-02-12,103,Mouse,Accesorios,48364.0,1,0.0,Tienda física,3,Cali Norte,Pacífico,48364.0
492,2025-01-12,102,Laptop,Cómputo,2877254.0,1,0.05,Tienda física,2,Medellín Poblado,Andina,2733392.0
493,2025-03-08,103,Audífonos,Accesorios,128007.0,1,0.0,Online,4,Cali Norte,Pacífico,128007.0
494,2025-03-06,102,Monitor,Cómputo,649926.0,3,0.0,Online,5,Medellín Poblado,Andina,1949778.0
495,2025-02-02,102,Monitor,Cómputo,654553.0,1,0.0,Tienda física,3,Medellín Poblado,Andina,654553.0
496,2025-02-09,102,Mouse,Accesorios,41799.0,1,0.1,Tienda física,2,Medellín Poblado,Andina,37620.0
497,2025-03-15,101,Mouse,Accesorios,47556.0,1,0.0,Tienda física,5,Bogotá Centro,Andina,47556.0
498,2025-02-12,104,Teclado,Accesorios,88549.0,1,0.05,Online,4,Barranquilla Mall,Caribe,84122.0
499,2025-02-13,103,Teclado,Accesorios,90001.0,1,0.2,Tienda física,5,Cali Norte,Pacífico,72001.0
500,2025-01-29,104,Mouse,Accesorios,47566.0,3,0.2,Online,5,Barranquilla Mall,Caribe,114158.0
501,2025-01-13,103,Monitor,Cómputo,662850.0,3,0.0,Tienda física,5,Cali Norte,Pacífico,1988550.0
502,2025-01-12,102,Audífonos,Accesorios,112826.0,2,0.05,Tienda física,4,Medellín Poblado,Andina,214370.0
503,2025-02-15,101,Monitor,Cómputo,661730.0,1,0.0,Tienda física,5,Bogotá Centro,Andina,661730.0
504,2025-01-02,104,Monitor,Cómputo,637992.0,3,0.05,Tienda física,4,Barranquilla Mall,Caribe,1818278.0
505,2025-02-04,101,Audífonos,Accesorios,119269.0,1,0.2,Online,4,Bogotá Centro,Andina,95415.0
506,2025-03-28,103,Mouse,Accesorios,40755.0,1,0.0,Online,4,Cali Norte,Pacífico,40755.0
507,2025-03-22,101,Teclado,Accesorios,84781.0,2,0.0,Tienda física,3,Bogotá Centro,Andina,169561.0
508,2025-03-31,101,Audífonos,Accesorios,114745.0,1,0.0,Tienda física,4,Bogotá Centro,Andina,114745.0
509,2025-01-08,104,Mouse,Accesorios,46917.0,1,0.0,Online,4,Barranquilla Mall,Caribe,46917.0
510,2025-01-26,102,Monitor,Cómputo,586494.0,2,0.2,Online,5,Medellín Poblado,Andina,938390.0
511,2025-03-15,101,Teclado,Accesorios,88358.0,1,0.0,Tienda física,5,Bogotá Centro,Andina,88358.0
512,2025-03-31,102,Teclado,Accesorios,97632.0,2,0.0,Tienda física,5,Medellín Poblado,Andina,195265.0
513,2025-02-03,103,Monitor,Cómputo,599544.0,1,0.0,Tienda física,3,Cali Norte,Pacífico,599544.0
514,2025-01-07,101,Audífonos,Accesorios,120394.0,3,0.1,Tienda física,5,Bogotá Centro,Andina,325064.0
515,2025-03-09,104,Monitor,Cómputo,687248.0,4,0.2,Tienda física,4,Barranquilla Mall,Caribe,2199193.0
516,2025-02-27,103,Laptop,Cómputo,3047818.0,3,0.05,Tienda física,5,Cali Norte,Pacífico,8686280.0
517,2025-03-16,103,Audífonos,Accesorios,125923.0,1,0.2,Tienda física,5,Cali Norte,Pacífico,100738.0
518,2025-01-29,104,Mouse,Accesorios,46985.0,1,0.05,Tienda física,2,Barranquilla Mall,Caribe,44636.0
519,2025-02-05,101,Mouse,Accesorios,47938.0,1,0.05,Tienda física,5,Bogotá Centro,Andina,45541.0
520,2025-03-30,101,Teclado,Accesorios,89032.0,1,0.0,Online,2,Bogotá Centro,Andina,89032.0
521,2025-01-21,103,Teclado,Accesorios,95505.0,1,0.05,Online,4,Cali Norte,Pacífico,90730.0
522,2025-02-05,101,Mouse,Accesorios,40572.0,2,0.05,Tienda física,4,Bogotá Centro,Andina,77086.0
523,2025-01-10,102,Audífonos,Accesorios,130189.0,1,0.0,Online,3,Medellín Poblado,Andina,130189.0
524,2025-03-14,104,Monitor,Cómputo,642630.0,4,0.0,Online,5,Barranquilla Mall,Caribe,2570519.0
525,2025-01-24,102,Teclado,Accesorios,90961.0,1,0.2,Tienda física,1,Medellín Poblado,Andina,72769.0
526,2025-03-05,101,Laptop,Cómputo,2662734.0,1,0.2,Tienda física,3,Bogotá Centro,Andina,2130187.0
527,2025-02-18,103,Audífonos,Accesorios,125821.0,1,0.05,Online,4,Cali Norte,Pacífico,119530.0
528,2025-02-05,104,Audífonos,Accesorios,109839.0,3,0.1,Online,5,Barranquilla Mall,Caribe,296566.0
529,2025-03-23,101,Monitor,Cómputo,698443.0,2,0.2,Online,5,Bogotá Centro,Andina,1117508.0
530,2025-01-24,101,Laptop,Cómputo,2983745.0,3,0.05,Online,5,Bogotá Centro,Andina,8503674.0
531,2025-01-23,103,Laptop,Cómputo,2640994.0,3,0.0,Tienda física,5,Cali Norte,Pacífico,7922981.0
532,2025-03-03,103,Mouse,Accesorios,47784.0,1,0.0,Tienda física,4,Cali Norte,Pacífico,47784.0
533,2025-02-06,102,Laptop,Cómputo,2960360.0,1,0.0,Tienda física,1,Medellín Poblado,Andina,2960360.0
534,2025-01-12,104,Mouse,Accesorios,46190.0,1,0.05,Tienda física,3,Barranquilla Mall,Caribe,43880.0
535,2025-02-24,104,Audífonos,Accesorios,116964.0,2,0.0,Tienda física,4,Barranquilla Mall,Caribe,233929.0
536,2025-01-13,103,Teclado,Accesorios,85887.0,1,0.1,Tienda física,5,Cali Norte,Pacífico,77298.0
537,2025-01-23,102,Laptop,Cómputo,2649799.0,1,0.05,Tienda física,4,Medellín Poblado,Andina,2517309.0
538,2025-03-30,104,Mouse,Accesorios,43367.0,4,0.0,Online,5,Barranquilla Mall,Caribe,173470.0
539,2025-01-30,103,Laptop,Cómputo,3025993.0,4,0.0,Tienda física,4,Cali Norte,Pacífico,12103971.0
540,2025-01-17,101,Laptop,Cómputo,2563479.0,2,0.2,Tienda física,2,Bogotá Centro,Andina,4101566.0
541,2025-03-03,104,Mouse,Accesorios,47960.0,2,0.05,Tienda física,3,Barranquilla Mall,Caribe,91124.0
542,2025-03-25,102,Mouse,Accesorios,43640.0,2,0.05,Tienda física,5,Medellín Poblado,Andina,82916.0
543,2025-03-30,102,Monitor,Cómputo,652808.0,1,0.0,Online,5,Medellín Poblado,Andina,652808.0
544,2025-03-27,102,Audífonos,Accesorios,127068.0,1,0.0,Online,5,Medellín Poblado,Andina,127068.0
545,2025-01-13,101,Mouse,Accesorios,48459.0,2,0.0,Online,3,Bogotá Centro,Andina,96919.0
546,2025-02-28,104,Mouse,Accesorios,43603.0,2,0.2,Tienda física,5,Barranquilla Mall,Caribe,69765.0
547,2025-01-19,104,Audífonos,Accesorios,119084.0,1,0.05,Tienda física,3,Barranquilla Mall,Caribe,113130.0
548,2025-02-18,101,Mouse,Accesorios,44231.0,3,0.0,Tienda física,1,Bogotá Centro,Andina,132692.0
549,2025-01-12,104,Mouse,Accesorios,40619.0,1,0.0,Tienda física,5,Barranquilla Mall,Caribe,40619.0
550,2025-03-02,101,Audífonos,Accesorios,115103.0,1,0.05,Online,4,Bogotá Centro,Andina,109347.0
551,2025-01-19,101,Laptop,Cómputo,2777146.0,2,0.2,Online,5,Bogotá Centro,Andina,4443434.0
552,2025-03-17,101,Teclado,Accesorios,88400.0,1,0.0,Online,3,Bogotá Centro,Andina,88400.0
553,2025-01-09,102,Teclado,Accesorios,93995.0,1,0.0,Tienda física,4,Medellín Poblado,Andina,93995.0
554,2025-03-12,104,Mouse,Accesorios,43963.0,1,0.05,Online,5,Barranquilla Mall,Caribe,41765.0
555,2025-01-28,101,Mouse,Accesorios,44904.0,2,0.0,Tienda física,4,Bogotá Centro,Andina,89809.0
556,2025-03-19,104,Monitor,Cómputo,640849.0,1,0.0,Online,5,Barranquilla Mall,Caribe,640849.0
557,2025-02-21,102,Laptop,Cómputo,2934751.0,2,0.2,Tienda física,3,Medellín Poblado,Andina,4695601.0
558,2025-03-24,101,Mouse,Accesorios,48267.0,2,0.0,Tienda física,4,Bogotá Centro,Andina,96534.0
559,2025-01-16,103,Monitor,Cómputo,654146.0,1,0.2,Tienda física,4,Cali Norte,Pacífico,523316.0
560,2025-03-10,102,Teclado,Accesorios,95210.0,4,0.1,Online,3,Medellín Poblado,Andina,342755.0
561,2025-01-12,103,Laptop,Cómputo,2686201.0,1,0.0,Tienda física,4,Cali Norte,Pacífico,2686201.0
562,2025-01-25,104,Audífonos,Accesorios,120993.0,4,0.0,Tienda física,3,Barranquilla Mall,Caribe,483971.0
563,2025-02-21,104,Mouse,Accesorios,43607.0,1,0.2,Online,5,Barranquilla Mall,Caribe,34886.0
564,2025-03-26,102,Audífonos,Accesorios,117941.0,4,0.0,Tienda física,4,Medellín Poblado,Andina,471763.0
565,2025-02-22,104,Monitor,Cómputo,680214.0,1,0.05,Tienda física,3,Barranquilla Mall,Caribe,646203.0
566,2025-01-23,103,Teclado,Accesorios,96870.0,1,0.2,Tienda física,4,Cali Norte,Pacífico,77496.0
567,2025-01-16,101,Teclado,Accesorios,83187.0,1,0.2,Tienda física,4,Bogotá Centro,Andina,66550.0
568,2025-02-26,101,Audífonos,Accesorios,123231.0,1,0.0,Online,5,Bogotá Centro,Andina,123231.0
569,2025-02-08,101,Laptop,Cómputo,2846001.0,2,0.1,Online,5,Bogotá Centro,Andina,5122801.0
570,2025-02-22,102,Monitor,Cómputo,600394.0,1,0.0,Tienda física,4,Medellín Poblado,Andina,600394.0
571,2025-02-11,104,Mouse,Accesorios,42407.0,2,0.0,Online,5,Barranquilla Mall,Caribe,84814.0
572,2025-02-27,103,Mouse,Accesorios,43299.0,1,0.0,Tienda física,4,Cali Norte,Pacífico,43299.0
573,2025-02-08,104,Mouse,Accesorios,42002.0,1,0.2,Tienda física,3,Barranquilla Mall,Caribe,33602.0
574,2025-01-14,104,Audífonos,Accesorios,113850.0,2,0.2,Tienda física,5,Barranquilla Mall,Caribe,182159.0
575,2025-01-05,104,Audífonos,Accesorios,114422.0,1,0.0,Tienda física,4,Barranquilla Mall,Caribe,114422.0
576,2025-02-04,101,Mouse,Accesorios,43521.0,2,0.0,Tienda física,5,Bogotá Centro,Andina,87042.0
577,2025-03-28,103,Laptop,Cómputo,2939659.0,2,0.0,Online,5,Cali Norte,Pacífico,5879317.0
578,2025-03-16,103,Monitor,Cómputo,659349.0,3,0.1,Online,4,Cali Norte,Pacífico,1780241.0
579,2025-01-18,104,Mouse,Accesorios,49376.0,1,0.05,Tienda física,5,Barranquilla Mall,Caribe,46907.0
580,2025-03-17,101,Laptop,Cómputo,2752252.0,2,0.1,Tienda física,5,Bogotá Centro,Andina,4954054.0
581,2025-01-09,101,Monitor,Cómputo,683002.0,4,0.0,Online,4,Bogotá Centro,Andina,2732010.0
582,2025-03-15,103,Teclado,Accesorios,96686.0,2,0.1,Online,4,Cali Norte,Pacífico,174036.0
583,2025-02-27,101,Audífonos,Accesorios,124295.0,1,0.0,Online,4,Bogotá Centro,Andina,124295.0
584,2025-01-17,101,Mouse,Accesorios,44207.0,2,0.05,Tienda física,5,Bogotá Centro,Andina,83993.0
585,2025-01-07,101,Mouse,Accesorios,47282.0,2,0.0,Online,5,Bogotá Centro,Andina,94565.0
586,2025-02-15,102,Teclado,Accesorios,84666.0,2,0.0,Tienda física,2,Medellín Poblado,Andina,169332.0
587,2025-01-13,104,Monitor,Cómputo,627582.0,1,0.05,Tienda física,4,Barranquilla Mall,Caribe,596203.0
588,2025-02-09,103,Teclado,Accesorios,90840.0,1,0.2,Tienda física,4,Cali Norte,Pacífico,72672.0
589,2025-02-11,103,Teclado,Accesorios,91357.0,3,0.0,Tienda física,2,Cali Norte,Pacífico,274072.0
590,2025-01-09,102,Mouse,Accesorios,40699.0,1,0.1,Tienda física,1,Medellín Poblado,Andina,36629.0
591,2025-02-19,104,Audífonos,Accesorios,130683.0,2,0.0,Tienda física,4,Barranquilla Mall,Caribe,261365.0
592,2025-01-27,103,Mouse,Accesorios,46770.0,1,0.0,Tienda física,4,Cali Norte,Pacífico,46770.0
593,2025-03-07,101,Laptop,Cómputo,2797594.0,1,0.0,Online,4,Bogotá Centro,Andina,2797594.0
594,2025-01-05,103,Monitor,Cómputo,706307.0,1,0.1,Tienda física,4,Cali Norte,Pacífico,635676.0
595,2025-01-29,101,Mouse,Accesorios,44452.0,1,0.0,Tienda física,3,Bogotá Centro,Andina,44452.0
596,2025-02-06,102,Laptop,Cómputo,3069044.0,4,0.1,Tienda física,5,Medellín Poblado,Andina,11048558.0
597,2025-02-07,101,Audífonos,Accesorios,120295.0,3,0.2,Online,4,Bogotá Centro,Andina,288708.0
598,2025-03-24,103,Teclado,Accesorios,83057.0,2,0.05,Tienda física,3,Cali Norte,Pacífico,157809.0
599,2025-01-08,103,Monitor,Cómputo,684424.0,1,0.0,Tienda física,4,Cali Norte,Pacífico,684424.0
600,2025-03-06,103,Mouse,Accesorios,46610.0,2,0.0,Tienda física,4,Cali Norte,Pacífico,93220.0
601,2025-03-27,102,Monitor,Cómputo,685488.0,2,0.0,Online,2,Medellín Poblado,Andina,1370977.0
602,2025-01-17,102,Laptop,Cómputo,3052808.0,2,0.05,Online,3,Medellín Poblado,Andina,5800334.0
603,2025-03-12,104,Mouse,Accesorios,47488.0,1,0.0,Tienda física,2,Barranquilla Mall,Caribe,47488.0
604,2025-03-30,103,Audífonos,Accesorios,122672.0,2,0.1,Tienda física,5,Cali Norte,Pacífico,220810.0
605,2025-02-14,101,Monitor,Cómputo,696450.0,2,0.2,Online,5,Bogotá Centro,Andina,1114320.0
606,2025-01-04,102,Teclado,Accesorios,93118.0,4,0.0,Tienda física,5,Medellín Poblado,Andina,372474.0
607,2025-02-05,103,Mouse,Accesorios,44173.0,1,0.05,Tienda física,5,Cali Norte,Pacífico,41964.0
608,2025-03-11,103,Audífonos,Accesorios,129255.0,2,0.0,Tienda física,5,Cali Norte,Pacífico,258510.0
609,2025-01-31,102,Teclado,Accesorios,84994.0,2,0.1,Tienda física,4,Medellín Poblado,Andina,152990.0
610,2025-01-19,104,Monitor,Cómputo,677903.0,1,0.05,Tienda física,4,Barranquilla Mall,Caribe,644008.0
611,2025-03-02,102,Monitor,Cómputo,699603.0,1,0.2,Tienda física,2,Medellín Poblado,Andina,559683.0
612,2025-02-23,102,Laptop,Cómputo,2929537.0,1,0.2,Online,4,Medellín Poblado,Andina,2343630.0
613,2025-02-08,101,Laptop,Cómputo,2910474.0,1,0.1,Online,5,Bogotá Centro,Andina,2619427.0
614,2025-03-15,101,Monitor,Cómputo,682843.0,1,0.0,Tienda física,4,Bogotá Centro,Andina,682843.0
615,2025-03-31,104,Mouse,Accesorios,44685.0,2,0.2,Online,4,Barranquilla Mall,Caribe,71497.0
616,2025-01-19,103,Mouse,Accesorios,48368.0,2,0.0,Tienda física,4,Cali Norte,Pacífico,96735.0
617,2025-02-08,102,Audífonos,Accesorios,112882.0,2,0.05,Tienda física,4,Medellín Poblado,Andina,214477.0
618,2025-03-08,104,Teclado,Accesorios,83293.0,4,0.0,Tienda física,5,Barranquilla Mall,Caribe,333172.0
619,2025-02-14,101,Monitor,Cómputo,622116.0,1,0.0,Online,5,Bogotá Centro,Andina,622116.0
620,2025-01-13,102,Teclado,Accesorios,90568.0,1,0.0,Online,4,Medellín Poblado,Andina,90568.0
621,2025-02-27,103,Teclado,Accesorios,90190.0,2,0.0,Online,5,Cali Norte,Pacífico,180380.0
622,2025-01-20,101,Laptop,Cómputo,2979535.0,1,0.0,Online,4,Bogotá Centro,Andina,2979535.0
623,2025-03-13,101,Mouse,Accesorios,44141.0,1,0.0,Tienda física,5,Bogotá Centro,Andina,44141.0
624,2025-03-02,101,Mouse,Accesorios,44859.0,1,0.1,Online,4,Bogotá Centro,Andina,40373.0
625,2025-02-08,104,Mouse,Accesorios,40620.0,1,0.05,Online,4,Barranquilla Mall,Caribe,38589.0
626,2025-01-01,103,Monitor,Cómputo,638266.0,3,0.0,Online,4,Cali Norte,Pacífico,1914798.0
627,2025-01-03,102,Mouse,Accesorios,46330.0,1,0.05,Tienda física,5,Medellín Poblado,Andina,44013.0
628,2025-03-18,104,Teclado,Accesorios,81279.0,1,0.05,Tienda física,5,Barranquilla Mall,Caribe,77215.0
629,2025-03-03,104,Mouse,Accesorios,43028.0,1,0.0,Tienda física,2,Barranquilla Mall,Caribe,43028.0
630,2025-03-04,104,Laptop,Cómputo,2636456.0,2,0.0,Tienda física,2,Barranquilla Mall,Caribe,5272911.0
631,2025-01-25,101,Mouse,Accesorios,40878.0,1,0.0,Tienda física,5,Bogotá Centro,Andina,40878.0
632,2025-02-25,103,Mouse,Accesorios,44813.0,2,0.2,Tienda física,4,Cali Norte,Pacífico,71701.0
633,2025-02-02,104,Mouse,Accesorios,42136.0,1,0.0,Tienda física,4,Barranquilla Mall,Caribe,42136.0
634,2025-02-07,102,Laptop,Cómputo,2936126.0,1,0.0,Tienda física,4,Medellín Poblado,Andina,2936126.0
635,2025-01-06,103,Mouse,Accesorios,48131.0,1,0.0,Tienda física,2,Cali Norte,Pacífico,48131.0
636,2025-02-27,102,Monitor,Cómputo,655926.0,1,0.05,Tienda física,5,Medellín Poblado,Andina,623130.0
637,2025-02-13,103,Mouse,Accesorios,49335.0,1,0.0,Online,5,Cali Norte,Pacífico,49335.0
638,2025-02-14,102,Mouse,Accesorios,44554.0,1,0.05,Tienda física,4,Medellín Poblado,Andina,42327.0
639,2025-02-01,101,Teclado,Accesorios,90241.0,3,0.1,Tienda física,4,Bogotá Centro,Andina,243650.0
640,2025-02-14,104,Mouse,Accesorios,49403.0,1,0.05,Online,5,Barranquilla Mall,Caribe,46933.0
641,2025-03-02,102,Audífonos,Accesorios,113557.0,2,0.1,Tienda física,2,Medellín Poblado,Andina,204403.0
642,2025-02-16,103,Teclado,Accesorios,97966.0,1,0.0,Tienda física,5,Cali Norte,Pacífico,97966.0
643,2025-01-21,104,Mouse,Accesorios,40886.0,1,0.0,Tienda física,4,Barranquilla Mall,Caribe,40886.0
644,2025-03-21,104,Teclado,Accesorios,89035.0,1,0.1,Tienda física,4,Barranquilla Mall,Caribe,80131.0
645,2025-03-26,103,Mouse,Accesorios,41130.0,3,0.1,Online,5,Cali Norte,Pacífico,111051.0
646,2025-03-16,102,Teclado,Accesorios,94126.0,1,0.05,Tienda física,5,Medellín Poblado,Andina,89420.0
647,2025-02-05,101,Mouse,Accesorios,45976.0,1,0.1,Tienda física,4,Bogotá Centro,Andina,41378.0
648,2025-01-19,101,Audífonos,Accesorios,124959.0,1,0.0,Tienda física,5,Bogotá Centro,Andina,124959.0
649,2025-01-20,102,Mouse,Accesorios,43870.0,1,0.0,Tienda física,4,Medellín Poblado,Andina,43870.0
650,2025-02-26,104,Teclado,Accesorios,87651.0,1,0.0,Online,4,Barranquilla Mall,Caribe,87651.0
651,2025-01-18,104,Teclado,Accesorios,81816.0,2,0.2,Tienda física,5,Barranquilla Mall,Caribe,130905.0
652,2025-02-16,104,Laptop,Cómputo,2715969.0,1,0.1,Tienda física,5,Barranquilla Mall,Caribe,2444372.0
653,2025-02-18,104,Mouse,Accesorios,48864.0,1,0.0,Tienda física,4,Barranquilla Mall,Caribe,48864.0
654,2025-01-14,102,Monitor,Cómputo,634299.0,2,0.0,Tienda física,4,Medellín Poblado,Andina,1268599.0
655,2025-01-15,104,Audífonos,Accesorios,127953.0,1,0.1,Tienda física,2,Barranquilla Mall,Caribe,115158.0
656,2025-01-31,103,Mouse,Accesorios,48081.0,1,0.0,Online,2,Cali Norte,Pacífico,48081.0
657,2025-01-01,104,Monitor,Cómputo,633521.0,1,0.0,Online,4,Barranquilla Mall,Caribe,633521.0
658,2025-02-23,101,Audífonos,Accesorios,123168.0,2,0.2,Online,5,Bogotá Centro,Andina,197068.0
659,2025-01-03,104,Audífonos,Accesorios,110289.0,1,0.1,Online,4,Barranquilla Mall,Caribe,99260.0
660,2025-01-16,102,Laptop,Cómputo,2578060.0,1,0.0,Online,5,Medellín Poblado,Andina,2578060.0
661,2025-03-28,101,Monitor,Cómputo,591325.0,1,0.0,Tienda física,2,Bogotá Centro,Andina,591325.0
662,2025-02-26,102,Mouse,Accesorios,45729.0,2,0.05,Online,4,Medellín Poblado,Andina,86885.0
663,2025-03-16,102,Audífonos,Accesorios,118226.0,1,0.0,Online,3,Medellín Poblado,Andina,118226.0
664,2025-01-12,101,Teclado,Accesorios,90865.0,2,0.0,Online,4,Bogotá Centro,Andina,181729.0
665,2025-03-15,102,Laptop,Cómputo,2811801.0,3,0.0,Tienda física,2,Medellín Poblado,Andina,8435403.0
666,2025-01-16,102,Monitor,Cómputo,630526.0,2,0.1,Tienda física,5,Medellín Poblado,Andina,1134947.0
667,2025-03-13,104,Mouse,Accesorios,46597.0,1,0.1,Online,3,Barranquilla Mall,Caribe,41938.0
668,2025-03-17,103,Audífonos,Accesorios,126204.0,1,0.0,Online,5,Cali Norte,Pacífico,126204.0
669,2025-01-24,102,Audífonos,Accesorios,108351.0,16,0.2,Online,4,Medellín Poblado,Andina,1386894.0
670,2025-01-28,102,Monitor,Cómputo,611941.0,1,0.0,Tienda física,5,Medellín Poblado,Andina,611941.0
671,2025-01-08,102,Laptop,Cómputo,2919412.0,1,0.05,Tienda física,4,Medellín Poblado,Andina,2773441.0
672,2025-02-05,104,Monitor,Cómputo,635261.0,2,0.0,Tienda física,5,Barranquilla Mall,Caribe,1270521.0
673,2025-03-31,103,Laptop,Cómputo,2890991.0,1,0.0,Online,1,Cali Norte,Pacífico,2890991.0
674,2025-01-08,101,Laptop,Cómputo,2714299.0,1,0.0,Tienda física,5,Bogotá Centro,Andina,2714299.0
675,2025-02-27,104,Audífonos,Accesorios,117378.0,2,0.0,Tienda física,5,Barranquilla Mall,Caribe,234756.0
676,2025-03-01,104,Mouse,Accesorios,41928.0,2,0.05,Online,3,Barranquilla Mall,Caribe,79663.0
677,2025-02-19,103,Mouse,Accesorios,42824.0,1,0.0,Tienda física,2,Cali Norte,Pacífico,42824.0
678,2025-01-28,103,Audífonos,Accesorios,122530.0,3,0.1,Online,4,Cali Norte,Pacífico,330831.0
679,2025-02-10,104,Mouse,Accesorios,44398.0,1,0.0,Tienda física,5,Barranquilla Mall,Caribe,44398.0
680,2025-03-05,101,Mouse,Accesorios,47469.0,2,0.2,Online,4,Bogotá Centro,Andina,75950.0
681,2025-01-27,104,Audífonos,Accesorios,128462.0,2,0.1,Tienda física,4,Barranquilla Mall,Caribe,231232.0
682,2025-03-04,103,Laptop,Cómputo,2823322.0,2,0.0,Online,3,Cali Norte,Pacífico,5646644.0
683,2025-01-17,101,Monitor,Cómputo,683575.0,2,0.2,Online,1,Bogotá Centro,Andina,1093720.0
684,2025-03-14,103,Audífonos,Accesorios,115366.0,1,0.2,Tienda física,5,Cali Norte,Pacífico,92293.0
685,2025-02-02,101,Audífonos,Accesorios,117959.0,1,0.2,Tienda física,2,Bogotá Centro,Andina,94367.0
686,2025-03-25,102,Monitor,Cómputo,677661.0,2,0.0,Tienda física,4,Medellín Poblado,Andina,1355322.0
687,2025-03-18,103,Mouse,Accesorios,43976.0,1,0.2,Online,5,Cali Norte,Pacífico,35181.0
688,2025-01-29,103,Mouse,Accesorios,45797.0,3,0.05,Online,3,Cali Norte,Pacífico,130520.0
689,2025-01-13,104,Audífonos,Accesorios,112449.0,1,0.0,Tienda física,5,Barranquilla Mall,Caribe,112449.0
690,2025-02-15,103,Audífonos,Accesorios,122395.0,1,0.05,Tienda física,2,Cali Norte,Pacífico,116275.0
691,2025-02-04,103,Teclado,Accesorios,96507.0,1,0.0,Tienda física,4,Cali Norte,Pacífico,96507.0
692,2025-01-06,102,Mouse,Accesorios,48318.0,1,0.1,Online,3,Medellín Poblado,Andina,43486.0
693,2025-03-23,103,Laptop,Cómputo,2925633.0,2,0.1,Online,5,Cali Norte,Pacífico,5266139.0
694,2025-03-10,102,Laptop,Cómputo,2937622.0,2,0.0,Tienda física,4,Medellín Poblado,Andina,5875244.0
695,2025-02-16,102,Monitor,Cómputo,657531.0,2,0.05,Tienda física,4,Medellín Poblado,Andina,1249308.0
696,2025-01-25,102,Mouse,Accesorios,45762.0,3,0.0,Tienda física,4,Medellín Poblado,Andina,137286.0
697,2025-03-07,102,Audífonos,Accesorios,111208.0,3,0.2,Tienda física,3,Medellín Poblado,Andina,266898.0
698,2025-01-10,101,Monitor,Cómputo,642702.0,3,0.0,Tienda física,5,Bogotá Centro,Andina,1928105.0
699,2025-02-25,104,Mouse,Accesorios,44557.0,1,0.1,Tienda física,4,Barranquilla Mall,Caribe,40101.0
700,2025-01-30,101,Teclado,Accesorios,98253.0,2,0.0,Tienda física,5,Bogotá Centro,Andina,196506.0
701,2025-01-05,103,Mouse,Accesorios,44380.0,1,0.2,Tienda física,3,Cali Norte,Pacífico,35504.0
702,2025-02-02,101,Teclado,Accesorios,90888.0,1,0.2,Tienda física,5,Bogotá Centro,Andina,72711.0
703,2025-03-06,101,Monitor,Cómputo,654323.0,2,0.1,Tienda física,3,Bogotá Centro,Andina,1177781.0
704,2025-01-18,103,Audífonos,Accesorios,123282.0,1,0.1,Tienda física,4,Cali Norte,Pacífico,110954.0
705,2025-02-18,103,Audífonos,Accesorios,125958.0,1,0.2,Online,3,Cali Norte,Pacífico,100766.0
706,2025-01-11,103,Mouse,Accesorios,42525.0,1,0.0,Online,5,Cali Norte,Pacífico,42525.0
707,2025-03-26,101,Laptop,Cómputo,2816086.0,1,0.0,Tienda física,4,Bogotá Centro,Andina,2816086.0
708,2025-01-26,101,Monitor,Cómputo,692369.0,3,0.0,Tienda física,5,Bogotá Centro,Andina,2077108.0
709,2025-03-04,103,Laptop,Cómputo,2779344.0,1,0.0,Online,5,Cali Norte,Pacífico,2779344.0
710,2025-03-30,104,Mouse,Accesorios,43006.0,1,0.05,Online,3,Barranquilla Mall,Caribe,40856.0
711,2025-03-27,104,Laptop,Cómputo,2886637.0,1,0.0,Tienda física,4,Barranquilla Mall,Caribe,2886637.0
712,2025-02-28,102,Monitor,Cómputo,692090.0,1,0.0,Tienda física,2,Medellín Poblado,Andina,692090.0
713,2025-01-27,103,Mouse,Accesorios,41068.0,3,0.2,Tienda física,4,Cali Norte,Pacífico,98564.0
714,2025-02-18,102,Monitor,Cómputo,685983.0,1,0.2,Tienda física,5,Medellín Poblado,Andina,548786.0
715,2025-03-18,104,Audífonos,Accesorios,127720.0,1,0.0,Tienda física,5,Barranquilla Mall,Caribe,127720.0
716,2025-02-02,102,Laptop,Cómputo,2778453.0,2,0.0,Tienda física,4,Medellín Poblado,Andina,5556906.0
717,2025-01-01,103,Laptop,Cómputo,3070651.0,4,0.05,Online,4,Cali Norte,Pacífico,11668474.0
718,2025-01-21,103,Mouse,Accesorios,47580.0,2,0.0,Tienda física,4,Cali Norte,Pacífico,95161.0
719,2025-02-24,103,Audífonos,Accesorios,126568.0,3,0.2,Tienda física,3,Cali Norte,Pacífico,303763.0
720,2025-01-06,101,Mouse,Accesorios,47231.0,1,0.1,Tienda física,5,Bogotá Centro,Andina,42507.0
721,2025-03-22,102,Mouse,Accesorios,41855.0,1,0.0,Tienda física,4,Medellín Poblado,Andina,41855.0
722,2025-03-10,104,Laptop,Cómputo,2641649.0,1,0.0,Tienda física,5,Barranquilla Mall,Caribe,2641649.0
723,2025-01-05,104,Monitor,Cómputo,645319.0,3,0.1,Tienda física,3,Barranquilla Mall,Caribe,1742361.0
724,2025-01-03,104,Mouse,Accesorios,42876.0,1,0.05,Online,4,Barranquilla Mall,Caribe,40732.0
725,2025-02-22,101,Monitor,Cómputo,638981.0,1,0.1,Tienda física,4,Bogotá Centro,Andina,575083.0
726,2025-01-23,101,Audífonos,Accesorios,129323.0,1,0.1,Online,1,Bogotá Centro,Andina,116391.0
727,2025-02-22,103,Mouse,Accesorios,47919.0,1,0.05,Online,4,Cali Norte,Pacífico,45523.0
728,2025-02-06,104,Audífonos,Accesorios,123121.0,1,0.1,Tienda física,5,Barranquilla Mall,Caribe,110809.0
729,2025-03-15,101,Laptop,Cómputo,3000547.0,4,0.0,Tienda física,5,Bogotá Centro,Andina,12002190.0
730,2025-03-15,103,Audífonos,Accesorios,126811.0,1,0.2,Tienda física,4,Cali Norte,Pacífico,101448.0
731,2025-03-24,104,Monitor,Cómputo,640768.0,2,0.0,Online,4,Barranquilla Mall,Caribe,1281536.0
732,2025-01-17,102,Audífonos,Accesorios,112826.0,2,0.1,Online,2,Medellín Poblado,Andina,203086.0
733,2025-03-26,103,Laptop,Cómputo,2807953.0,1,0.0,Online,5,Cali Norte,Pacífico,2807953.0
734,2025-03-19,101,Mouse,Accesorios,47126.0,1,0.0,Tienda física,1,Bogotá Centro,Andina,47126.0
735,2025-03-14,101,Mouse,Accesorios,44428.0,1,0.0,Online,5,Bogotá Centro,Andina,44428.0
736,2025-01-01,103,Mouse,Accesorios,46501.0,1,0.1,Tienda física,4,Cali Norte,Pacífico,41851.0
737,2025-02-20,103,Mouse,Accesorios,41349.0,2,0.0,Tienda física,4,Cali Norte,Pacífico,82698.0
738,2025-02-14,101,Mouse,Accesorios,47232.0,1,0.2,Tienda física,5,Bogotá Centro,Andina,37786.0
739,2025-03-18,102,Laptop,Cómputo,2975120.0,1,0.1,Tienda física,1,Medellín Poblado,Andina,2677608.0
740,2025-01-04,104,Mouse,Accesorios,46862.0,1,0.05,Online,4,Barranquilla Mall,Caribe,44518.0
741,2025-03-03,102,Audífonos,Accesorios,131214.0,3,0.0,Tienda física,4,Medellín Poblado,Andina,393643.0
742,2025-03-06,103,Teclado,Accesorios,95880.0,3,0.1,Tienda física,3,Cali Norte,Pacífico,258875.0
743,2025-02-01,102,Laptop,Cómputo,3025732.0,3,0.0,Tienda física,4,Medellín Poblado,Andina,9077197.0
744,2025-02-03,101,Mouse,Accesorios,48902.0,2,0.0,Online,5,Bogotá Centro,Andina,97804.0
745,2025-03-13,103,Laptop,Cómputo,2968755.0,1,0.0,Online,5,Cali Norte,Pacífico,2968755.0
746,2025-02-08,104,Audífonos,Accesorios,124182.0,2,0.1,Tienda física,1,Barranquilla Mall,Caribe,223528.0
747,2025-01-26,101,Laptop,Cómputo,2523202.0,1,0.2,Tienda física,5,Bogotá Centro,Andina,2018562.0
748,2025-02-03,101,Monitor,Cómputo,645557.0,2,0.1,Tienda física,3,Bogotá Centro,Andina,1162003.0
749,2025-02-23,104,Audífonos,Accesorios,121708.0,2,0.0,Online,3,Barranquilla Mall,Caribe,243416.0
750,2025-01-03,104,Audífonos,Accesorios,115297.0,1,0.0,Tienda física,4,Barranquilla Mall,Caribe,115297.0
751,2025-02-19,102,Monitor,Cómputo,626354.0,2,0.05,Tienda física,2,Medellín Poblado,Andina,1190072.0
752,2025-01-12,103,Audífonos,Accesorios,131068.0,3,0.2,Tienda física,3,Cali Norte,Pacífico,314563.0
753,2025-03-06,104,Audífonos,Accesorios,129401.0,1,0.0,Tienda física,5,Barranquilla Mall,Caribe,129401.0
754,2025-02-23,104,Teclado,Accesorios,96285.0,3,0.1,Online,4,Barranquilla Mall,Caribe,259970.0
755,2025-01-05,103,Teclado,Accesorios,88308.0,1,0.05,Tienda física,3,Cali Norte,Pacífico,83893.0
756,2025-02-26,104,Teclado,Accesorios,81247.0,2,0.0,Tienda física,3,Barranquilla Mall,Caribe,162493.0
757,2025-01-17,104,Teclado,Accesorios,82444.0,1,0.0,Tienda física,5,Barranquilla Mall,Caribe,82444.0
758,2025-02-16,102,Teclado,Accesorios,86620.0,1,0.2,Tienda física,5,Medellín Poblado,Andina,69296.0
759,2025-01-23,101,Mouse,Accesorios,40642.0,3,0.0,Online,4,Bogotá Centro,Andina,121925.0
760,2025-03-20,101,Mouse,Accesorios,40654.0,3,0.0,Tienda física,1,Bogotá Centro,Andina,121963.0
761,2025-03-26,101,Laptop,Cómputo,3033298.0,2,0.0,Online,3,Bogotá Centro,Andina,6066596.0
762,2025-01-14,101,Laptop,Cómputo,2915449.0,1,0.0,Online,2,Bogotá Centro,Andina,2915449.0
763,2025-03-07,104,Mouse,Accesorios,43281.0,3,0.1,Tienda física,3,Barranquilla Mall,Caribe,116858.0
764,2025-03-16,103,Laptop,Cómputo,2594281.0,1,0.2,Tienda física,4,Cali Norte,Pacífico,2075425.0
765,2025-02-20,103,Teclado,Accesorios,90209.0,3,0.2,Tienda física,3,Cali Norte,Pacífico,216503.0
766,2025-02-07,102,Mouse,Accesorios,40548.0,1,0.0,Online,4,Medellín Poblado,Andina,40548.0
767,2025-03-05,102,Audífonos,Accesorios,130522.0,1,0.0,Tienda física,4,Medellín Poblado,Andina,130522.0
768,2025-02-07,104,Laptop,Cómputo,2752296.0,2,0.05,Tienda física,5,Barranquilla Mall,Caribe,5229363.0
769,2025-02-19,103,Mouse,Accesorios,44121.0,1,0.0,Tienda física,5,Cali Norte,Pacífico,44121.0
770,2025-03-23,103,Monitor,Cómputo,635777.0,1,0.0,Online,4,Cali Norte,Pacífico,635777.0
771,2025-01-30,101,Teclado,Accesorios,82248.0,1,0.0,Tienda física,4,Bogotá Centro,Andina,82248.0
772,2025-03-20,104,Laptop,Cómputo,2877460.0,1,0.0,Tienda física,4,Barranquilla Mall,Caribe,2877460.0
773,2025-02-20,104,Audífonos,Accesorios,125592.0,1,0.0,Tienda física,4,Barranquilla Mall,Caribe,125592.0
774,2025-03-04,101,Audífonos,Accesorios,124227.0,1,0.0,Tienda física,5,Bogotá Centro,Andina,124227.0
775,2025-02-21,104,Mouse,Accesorios,41746.0,1,0.05,Online,4,Barranquilla Mall,Caribe,39659.0
776,2025-02-07,104,Mouse,Accesorios,45710.0,1,0.0,Tienda física,5,Barranquilla Mall,Caribe,45710.0
777,2025-03-29,102,Audífonos,Accesorios,121668.0,2,0.0,Online,5,Medellín Poblado,Andina,243335.0
778,2025-03-20,103,Teclado,Accesorios,96631.0,1,0.0,Online,4,Cali Norte,Pacífico,96631.0
779,2025-01-30,104,Teclado,Accesorios,87824.0,4,0.2,Tienda física,4,Barranquilla Mall,Caribe,281038.0
780,2025-02-20,102,Audífonos,Accesorios,116916.0,3,0.05,Online,2,Medellín Poblado,Andina,333210.0
781,2025-03-22,103,Mouse,Accesorios,46067.0,1,0.0,Tienda física,3,Cali Norte,Pacífico,46067.0
782,2025-01-05,101,Mouse,Accesorios,46198.0,2,0.0,Tienda física,4,Bogotá Centro,Andina,92395.0
783,2025-01-29,102,Mouse,Accesorios,44724.0,3,0.0,Online,3,Medellín Poblado,Andina,134171.0
784,2025-01-04,102,Monitor,Cómputo,642598.0,4,0.0,Tienda física,5,Medellín Poblado,Andina,2570391.0
785,2025-01-10,103,Teclado,Accesorios,89895.0,2,0.2,Tienda física,3,Cali Norte,Pacífico,143831.0
786,2025-02-25,101,Monitor,Cómputo,696936.0,1,0.05,Tienda física,4,Bogotá Centro,Andina,662089.0
787,2025-01-17,102,Mouse,Accesorios,44651.0,2,0.1,Online,4,Medellín Poblado,Andina,80371.0
788,2025-03-15,104,Mouse,Accesorios,48959.0,2,0.0,Tienda física,5,Barranquilla Mall,Caribe,97919.0
789,2025-01-17,104,Teclado,Accesorios,90072.0,2,0.1,Tienda física,4,Barranquilla Mall,Caribe,162130.0
790,2025-03-25,104,Monitor,Cómputo,708396.0,1,0.0,Tienda física,5,Barranquilla Mall,Caribe,708396.0
791,2025-03-29,101,Teclado,Accesorios,95991.0,3,0.0,Online,4,Bogotá Centro,Andina,287973.0
792,2025-03-10,102,Laptop,Cómputo,2722962.0,4,0.0,Online,4,Medellín Poblado,Andina,10891846.0
793,2025-02-03,104,Audífonos,Accesorios,128727.0,1,0.05,Tienda física,2,Barranquilla Mall,Caribe,122291.0
794,2025-01-06,101,Laptop,Cómputo,2581635.0,1,0.2,Online,4,Bogotá Centro,Andina,2065308.0
795,2025-02-22,104,Audífonos,Accesorios,130201.0,1,0.1,Tienda física,5,Barranquilla Mall,Caribe,117181.0
796,2025-03-07,103,Laptop,Cómputo,2873720.0,3,0.0,Tienda física,4,Cali Norte,Pacífico,8621161.0
797,2025-03-18,102,Monitor,Cómputo,592071.0,2,0.0,Online,5,Medellín Poblado,Andina,1184142.0
798,2025-02-12,102,Laptop,Cómputo,2880784.0,2,0.05,Online,4,Medellín Poblado,Andina,5473489.0
799,2025-03-16,101,Audífonos,Accesorios,131382.0,1,0.05,Online,3,Bogotá Centro,Andina,124813.0
800,2025-01-23,101,Teclado,Accesorios,82256.0,2,0.2,Online,1,Bogotá Centro,Andina,131610.0
801,2025-02-24,102,Laptop,Cómputo,2830625.0,1,0.1,Tienda física,4,Medellín Poblado,Andina,2547563.0
802,2025-03-21,104,Mouse,Accesorios,47230.0,1,0.0,Online,5,Barranquilla Mall,Caribe,47230.0
803,2025-03-16,104,Mouse,Accesorios,47792.0,2,0.2,Tienda física,5,Barranquilla Mall,Caribe,76468.0
804,2025-01-16,103,Mouse,Accesorios,44224.0,4,0.0,Tienda física,4,Cali Norte,Pacífico,176898.0
805,2025-01-08,104,Audífonos,Accesorios,112900.0,4,0.0,Tienda física,4,Barranquilla Mall,Caribe,451600.0
806,2025-01-04,101,Mouse,Accesorios,40881.0,4,0.0,Tienda física,4,Bogotá Centro,Andina,163524.0
807,2025-01-04,101,Monitor,Cómputo,660364.0,1,0.1,Tienda física,4,Bogotá Centro,Andina,594328.0
808,2025-02-25,104,Teclado,Accesorios,89152.0,1,0.2,Tienda física,3,Barranquilla Mall,Caribe,71322.0
809,2025-01-25,101,Monitor,Cómputo,708337.0,2,0.0,Tienda física,3,Bogotá Centro,Andina,1416674.0
810,2025-03-08,102,Laptop,Cómputo,2553939.0,3,0.1,Tienda física,3,Medellín Poblado,Andina,6895635.0
811,2025-03-08,102,Mouse,Accesorios,46669.0,1,0.1,Tienda física,2,Medellín Poblado,Andina,42002.0
812,2025-01-27,104,Monitor,Cómputo,588246.0,1,0.1,Tienda física,3,Barranquilla Mall,Caribe,529421.0
813,2025-02-01,102,Audífonos,Accesorios,112114.0,1,0.0,Tienda física,1,Medellín Poblado,Andina,112114.0
814,2025-02-19,102,Mouse,Accesorios,44582.0,2,0.2,Online,4,Medellín Poblado,Andina,71332.0
815,2025-03-02,103,Mouse,Accesorios,44594.0,1,0.05,Online,4,Cali Norte,Pacífico,42364.0
816,2025-02-20,103,Teclado,Accesorios,93343.0,1,0.0,Online,5,Cali Norte,Pacífico,93343.0
817,2025-01-19,102,Audífonos,Accesorios,129845.0,1,0.1,Tienda física,3,Medellín Poblado,Andina,116861.0
818,2025-01-21,104,Mouse,Accesorios,46251.0,1,0.2,Online,4,Barranquilla Mall,Caribe,37001.0
819,2025-01-05,103,Mouse,Accesorios,49082.0,3,0.0,Tienda física,4,Cali Norte,Pacífico,147245.0
820,2025-03-23,101,Audífonos,Accesorios,129159.0,1,0.0,Tienda física,1,Bogotá Centro,Andina,129159.0
821,2025-02-11,101,Laptop,Cómputo,2847320.0,2,0.1,Tienda física,5,Bogotá Centro,Andina,5125176.0
822,2025-03-02,101,Laptop,Cómputo,2986923.0,2,0.0,Online,2,Bogotá Centro,Andina,5973847.0
823,2025-01-22,104,Teclado,Accesorios,92566.0,3,0.05,Tienda física,5,Barranquilla Mall,Caribe,263814.0
824,2025-01-21,102,Audífonos,Accesorios,109885.0,1,0.1,Tienda física,5,Medellín Poblado,Andina,98897.0
825,2025-03-11,101,Mouse,Accesorios,47165.0,4,0.0,Tienda física,4,Bogotá Centro,Andina,188660.0
826,2025-01-01,104,Teclado,Accesorios,82708.0,2,0.1,Online,4,Barranquilla Mall,Caribe,148875.0
827,2025-01-05,103,Teclado,Accesorios,91693.0,4,0.0,Tienda física,5,Cali Norte,Pacífico,366774.0
828,2025-01-12,102,Teclado,Accesorios,93648.0,3,0.2,Tienda física,4,Medellín Poblado,Andina,224754.0
829,2025-03-31,103,Teclado,Accesorios,82197.0,1,0.0,Tienda física,4,Cali Norte,Pacífico,82197.0
830,2025-02-15,104,Teclado,Accesorios,85154.0,1,0.2,Tienda física,2,Barranquilla Mall,Caribe,68123.0
831,2025-02-03,101,Mouse,Accesorios,48741.0,1,0.0,Online,2,Bogotá Centro,Andina,48741.0
832,2025-02-18,101,Teclado,Accesorios,92094.0,1,0.0,Tienda física,4,Bogotá Centro,Andina,92094.0
833,2025-03-19,104,Teclado,Accesorios,85433.0,1,0.2,Online,4,Barranquilla Mall,Caribe,68347.0
834,2025-03-31,101,Teclado,Accesorios,93432.0,1,0.0,Tienda física,5,Bogotá Centro,Andina,93432.0
835,2025-02-14,102,Audífonos,Accesorios,122323.0,1,0.2,Online,3,Medellín Poblado,Andina,97858.0
836,2025-01-27,104,Laptop,Cómputo,2800882.0,1,0.2,Tienda física,5,Barranquilla Mall,Caribe,2240706.0
837,2025-03-14,103,Audífonos,Accesorios,131428.0,1,0.0,Tienda física,3,Cali Norte,Pacífico,131428.0
838,2025-01-26,104,Audífonos,Accesorios,124403.0,1,0.0,Tienda física,4,Barranquilla Mall,Caribe,124403.0
839,2025-02-16,102,Mouse,Accesorios,43879.0,1,0.0,Tienda física,4,Medellín Poblado,Andina,43879.0
840,2025-03-27,102,Teclado,Accesorios,95401.0,1,0.1,Tienda física,4,Medellín Poblado,Andina,85861.0
841,2025-02-25,104,Mouse,Accesorios,48461.0,1,0.2,Online,3,Barranquilla Mall,Caribe,38769.0
842,2025-03-04,104,Mouse,Accesorios,41627.0,1,0.1,Tienda física,4,Barranquilla Mall,Caribe,37464.0
843,2025-02-17,101,Mouse,Accesorios,42305.0,3,0.0,Online,5,Bogotá Centro,Andina,126915.0
844,2025-03-02,102,Laptop,Cómputo,2641087.0,1,0.2,Online,4,Medellín Poblado,Andina,2112870.0
845,2025-03-22,104,Mouse,Accesorios,46721.0,1,0.1,Tienda física,4,Barranquilla Mall,Caribe,42049.0
846,2025-01-26,104,Audífonos,Accesorios,122473.0,1,0.05,Online,5,Barranquilla Mall,Caribe,116349.0
847,2025-02-05,102,Mouse,Accesorios,46071.0,3,0.0,Online,5,Medellín Poblado,Andina,138213.0
848,2025-01-01,104,Audífonos,Accesorios,130579.0,3,0.2,Tienda física,4,Barranquilla Mall,Caribe,313389.0
849,2025-01-08,101,Teclado,Accesorios,94966.0,3,0.0,Online,4,Bogotá Centro,Andina,284899.0
850,2025-02-21,102,Audífonos,Accesorios,111070.0,2,0.0,Tienda física,5,Medellín Poblado,Andina,222141.0
851,2025-03-20,101,Teclado,Accesorios,87255.0,1,0.1,Tienda física,4,Bogotá Centro,Andina,78530.0
852,2025-02-16,101,Laptop,Cómputo,2763820.0,1,0.0,Online,3,Bogotá Centro,Andina,2763820.0
853,2025-02-25,101,Monitor,Cómputo,636475.0,1,0.2,Tienda física,4,Bogotá Centro,Andina,509180.0
854,2025-03-27,101,Laptop,Cómputo,2894813.0,4,0.0,Tienda física,5,Bogotá Centro,Andina,11579251.0
855,2025-01-14,102,Teclado,Accesorios,97054.0,2,0.0,Tienda física,2,Medellín Poblado,Andina,194108.0
856,2025-03-31,101,Audífonos,Accesorios,115345.0,2,0.1,Online,5,Bogotá Centro,Andina,207621.0
857,2025-01-28,101,Mouse,Accesorios,45467.0,1,0.2,Online,3,Bogotá Centro,Andina,36374.0
858,2025-03-28,104,Mouse,Accesorios,47605.0,3,0.05,Tienda física,5,Barranquilla Mall,Caribe,135673.0
859,2025-03-19,102,Monitor,Cómputo,639108.0,1,0.05,Online,4,Medellín Poblado,Andina,607153.0
860,2025-03-29,102,Audífonos,Accesorios,112035.0,1,0.1,Online,4,Medellín Poblado,Andina,100831.0
861,2025-01-02,103,Monitor,Cómputo,646744.0,1,0.2,Tienda física,5,Cali Norte,Pacífico,517395.0
862,2025-01-26,102,Mouse,Accesorios,40997.0,2,0.1,Tienda física,4,Medellín Poblado,Andina,73795.0
863,2025-01-14,102,Monitor,Cómputo,707510.0,1,0.2,Online,4,Medellín Poblado,Andina,566008.0
864,2025-02-28,103,Mouse,Accesorios,41173.0,3,0.0,Online,2,Cali Norte,Pacífico,123520.0
865,2025-02-25,102,Monitor,Cómputo,641999.0,1,0.1,Online,1,Medellín Poblado,Andina,577799.0
866,2025-01-07,102,Audífonos,Accesorios,120717.0,2,0.2,Tienda física,3,Medellín Poblado,Andina,193147.0
867,2025-01-03,102,Monitor,Cómputo,713089.0,1,0.05,Tienda física,5,Medellín Poblado,Andina,677435.0
868,2025-01-23,102,Audífonos,Accesorios,111985.0,1,0.2,Tienda física,3,Medellín Poblado,Andina,89588.0
869,2025-01-18,103,Laptop,Cómputo,2584082.0,3,0.2,Tienda física,3,Cali Norte,Pacífico,6201796.0
870,2025-02-07,102,Monitor,Cómputo,586132.0,2,0.1,Tienda física,4,Medellín Poblado,Andina,1055037.0
871,2025-01-15,102,Audífonos,Accesorios,111734.0,2,0.0,Online,4,Medellín Poblado,Andina,223467.0
872,2025-03-05,103,Laptop,Cómputo,2636073.0,3,0.0,Tienda física,5,Cali Norte,Pacífico,7908219.0
873,2025-03-30,104,Audífonos,Accesorios,123134.0,2,0.0,Online,3,Barranquilla Mall,Caribe,246268.0
874,2025-01-28,101,Mouse,Accesorios,42477.0,1,0.0,Tienda física,2,Bogotá Centro,Andina,42477.0
875,2025-03-15,104,Monitor,Cómputo,587668.0,2,0.0,Tienda física,5,Barranquilla Mall,Caribe,1175335.0
876,2025-02-08,103,Audífonos,Accesorios,127839.0,1,0.1,Tienda física,4,Cali Norte,Pacífico,115055.0
877,2025-02-26,101,Monitor,Cómputo,632527.0,1,0.0,Tienda física,5,Bogotá Centro,Andina,632527.0
878,2025-01-17,103,Laptop,Cómputo,2718070.0,1,0.1,Tienda física,5,Cali Norte,Pacífico,2446263.0
879,2025-03-27,103,Teclado,Accesorios,86445.0,2,0.0,Online,5,Cali Norte,Pacífico,172889.0
880,2025-03-31,102,Teclado,Accesorios,98557.0,2,0.0,Online,3,Medellín Poblado,Andina,197113.0
881,2025-02-13,101,Audífonos,Accesorios,112083.0,1,0.0,Tienda física,5,Bogotá Centro,Andina,112083.0
882,2025-01-25,102,Mouse,Accesorios,48584.0,2,0.05,Tienda física,5,Medellín Poblado,Andina,92310.0
883,2025-01-17,101,Mouse,Accesorios,47491.0,3,0.05,Online,4,Bogotá Centro,Andina,135350.0
884,2025-01-13,103,Monitor,Cómputo,594942.0,1,0.1,Tienda física,4,Cali Norte,Pacífico,535448.0
885,2025-03-25,103,Mouse,Accesorios,49381.0,1,0.1,Tienda física,4,Cali Norte,Pacífico,44443.0
886,2025-01-25,104,Teclado,Accesorios,85885.0,2,0.0,Tienda física,3,Barranquilla Mall,Caribe,171769.0
887,2025-03-09,101,Teclado,Accesorios,82774.0,1,0.0,Online,4,Bogotá Centro,Andina,82774.0
888,2025-01-10,102,Audífonos,Accesorios,127904.0,2,0.05,Tienda física,4,Medellín Poblado,Andina,243017.0
889,2025-03-08,104,Teclado,Accesorios,93720.0,1,0.0,Tienda física,4,Barranquilla Mall,Caribe,93720.0
890,2025-01-18,104,Teclado,Accesorios,92110.0,1,0.0,Online,4,Barranquilla Mall,Caribe,92110.0
891,2025-03-27,104,Laptop,Cómputo,2607349.0,2,0.0,Tienda física,4,Barranquilla Mall,Caribe,5214699.0
892,2025-02-03,102,Laptop,Cómputo,2787958.0,2,0.2,Tienda física,4,Medellín Poblado,Andina,4460733.0
893,2025-01-08,104,Mouse,Accesorios,47525.0,3,0.0,Tienda física,5,Barranquilla Mall,Caribe,142575.0
894,2025-02-09,102,Mouse,Accesorios,43233.0,3,0.0,Online,3,Medellín Poblado,Andina,129698.0
895,2025-03-24,104,Teclado,Accesorios,86610.0,2,0.0,Tienda física,4,Barranquilla Mall,Caribe,173221.0
896,2025-02-11,102,Monitor,Cómputo,585408.0,2,0.1,Online,3,Medellín Poblado,Andina,1053735.0
897,2025-02-10,103,Teclado,Accesorios,84136.0,1,0.0,Online,4,Cali Norte,Pacífico,84136.0
898,2025-01-06,103,Audífonos,Accesorios,129010.0,1,0.0,Tienda física,5,Cali Norte,Pacífico,129010.0
899,2025-02-21,103,Audífonos,Accesorios,118602.0,1,0.0,Online,5,Cali Norte,Pacífico,118602.0
900,2025-01-26,103,Audífonos,Accesorios,131622.0,3,0.0,Tienda física,4,Cali Norte,Pacífico,394865.0
901,2025-03-05,103,Monitor,Cómputo,636442.0,1,0.05,Tienda física,5,Cali Norte,Pacífico,604620.0
902,2025-02-28,104,Teclado,Accesorios,93873.0,2,0.0,Tienda física,2,Barranquilla Mall,Caribe,187747.0
903,2025-02-25,104,Mouse,Accesorios,43037.0,1,0.2,Tienda física,4,Barranquilla Mall,Caribe,34430.0
904,2025-02-28,104,Laptop,Cómputo,2723733.0,2,0.1,Tienda física,2,Barranquilla Mall,Caribe,4902720.0
905,2025-03-11,102,Mouse,Accesorios,42217.0,3,0.0,Tienda física,5,Medellín Poblado,Andina,126650.0
906,2025-02-02,102,Audífonos,Accesorios,116329.0,1,0.2,Tienda física,4,Medellín Poblado,Andina,93064.0
907,2025-02-22,102,Audífonos,Accesorios,121134.0,3,0.1,Online,5,Medellín Poblado,Andina,327061.0
908,2025-01-22,102,Mouse,Accesorios,49426.0,1,0.0,Tienda física,5,Medellín Poblado,Andina,49426.0
909,2025-01-21,103,Teclado,Accesorios,92956.0,1,0.2,Online,3,Cali Norte,Pacífico,74365.0
910,2025-03-11,103,Audífonos,Accesorios,112782.0,3,0.1,Tienda física,2,Cali Norte,Pacífico,304511.0
911,2025-03-11,103,Laptop,Cómputo,2545178.0,1,0.0,Tienda física,5,Cali Norte,Pacífico,2545178.0
912,2025-01-04,101,Mouse,Accesorios,41637.0,4,0.0,Tienda física,4,Bogotá Centro,Andina,166549.0
913,2025-03-16,104,Audífonos,Accesorios,121501.0,1,0.0,Tienda física,3,Barranquilla Mall,Caribe,121501.0
914,2025-03-03,102,Mouse,Accesorios,47386.0,1,0.0,Tienda física,4,Medellín Poblado,Andina,47386.0
915,2025-03-03,102,Laptop,Cómputo,3046635.0,3,0.0,Online,4,Medellín Poblado,Andina,9139904.0
916,2025-01-24,103,Teclado,Accesorios,81285.0,1,0.05,Online,2,Cali Norte,Pacífico,77221.0
917,2025-02-24,102,Audífonos,Accesorios,120546.0,4,0.2,Online,4,Medellín Poblado,Andina,385748.0
918,2025-01-09,102,Teclado,Accesorios,89476.0,4,0.1,Tienda física,2,Medellín Poblado,Andina,322112.0
919,2025-01-03,104,Mouse,Accesorios,46404.0,1,0.05,Online,4,Barranquilla Mall,Caribe,44084.0
920,2025-01-31,103,Mouse,Accesorios,45536.0,1,0.05,Tienda física,5,Cali Norte,Pacífico,43259.0
921,2025-02-09,104,Teclado,Accesorios,93367.0,1,0.0,Tienda física,5,Barranquilla Mall,Caribe,93367.0
922,2025-02-05,101,Teclado,Accesorios,92845.0,1,0.0,Online,4,Bogotá Centro,Andina,92845.0
923,2025-01-24,101,Monitor,Cómputo,600212.0,1,0.0,Tienda física,3,Bogotá Centro,Andina,600212.0
924,2025-01-06,101,Laptop,Cómputo,2967842.0,1,0.0,Tienda física,5,Bogotá Centro,Andina,2967842.0
925,2025-03-07,103,Audífonos,Accesorios,110958.0,1,0.0,Tienda física,4,Cali Norte,Pacífico,110958.0
926,2025-03-25,102,Laptop,Cómputo,2911177.0,1,0.1,Tienda física,3,Medellín Poblado,Andina,2620059.0
927,2025-03-16,103,Mouse,Accesorios,44245.0,4,0.05,Online,5,Cali Norte,Pacífico,168132.0
928,2025-01-04,103,Laptop,Cómputo,2807756.0,3,0.1,Tienda física,5,Cali Norte,Pacífico,7580942.0
929,2025-03-20,102,Mouse,Accesorios,48630.0,2,0.2,Online,5,Medellín Poblado,Andina,77807.0
930,2025-01-06,104,Teclado,Accesorios,97018.0,1,0.0,Tienda física,5,Barranquilla Mall,Caribe,97018.0
931,2025-02-20,101,Teclado,Accesorios,95721.0,3,0.0,Tienda física,3,Bogotá Centro,Andina,287164.0
932,2025-03-03,104,Mouse,Accesorios,45091.0,1,0.2,Tienda física,3,Barranquilla Mall,Caribe,36073.0
933,2025-02-26,101,Teclado,Accesorios,94252.0,2,0.0,Tienda física,5,Bogotá Centro,Andina,188505.0
934,2025-03-07,103,Laptop,Cómputo,2807222.0,4,0.2,Tienda física,3,Cali Norte,Pacífico,8983112.0
935,2025-03-20,101,Monitor,Cómputo,698049.0,1,0.05,Online,4,Bogotá Centro,Andina,663146.0
936,2025-03-16,103,Audífonos,Accesorios,117667.0,2,0.1,Online,5,Cali Norte,Pacífico,211800.0
937,2025-01-08,104,Mouse,Accesorios,49232.0,3,0.0,Online,5,Barranquilla Mall,Caribe,147696.0
938,2025-01-26,103,Teclado,Accesorios,97782.0,3,0.1,Online,4,Cali Norte,Pacífico,264011.0
939,2025-02-20,104,Mouse,Accesorios,47174.0,2,0.0,Online,5,Barranquilla Mall,Caribe,94349.0
940,2025-02-14,102,Laptop,Cómputo,2676473.0,1,0.0,Tienda física,5,Medellín Poblado,Andina,2676473.0
941,2025-02-13,102,Mouse,Accesorios,41685.0,1,0.0,Online,5,Medellín Poblado,Andina,41685.0
942,2025-01-05,102,Monitor,Cómputo,696111.0,1,0.05,Tienda física,3,Medellín Poblado,Andina,661306.0
943,2025-03-11,103,Teclado,Accesorios,83975.0,2,0.05,Tienda física,4,Cali Norte,Pacífico,159553.0
944,2025-01-26,102,Laptop,Cómputo,2998386.0,1,0.0,Tienda física,4,Medellín Poblado,Andina,2998386.0
945,2025-03-09,101,Audífonos,Accesorios,119778.0,3,0.0,Tienda física,3,Bogotá Centro,Andina,359335.0
946,2025-01-19,104,Teclado,Accesorios,88318.0,1,0.0,Tienda física,4,Barranquilla Mall,Caribe,88318.0
947,2025-03-25,104,Audífonos,Accesorios,129677.0,1,0.2,Online,3,Barranquilla Mall,Caribe,103741.0
948,2025-01-20,101,Teclado,Accesorios,91869.0,1,0.0,Tienda física,4,Bogotá Centro,Andina,91869.0
949,2025-01-12,103,Teclado,Accesorios,91379.0,2,0.0,Tienda física,5,Cali Norte,Pacífico,182758.0
950,2025-02-16,103,Laptop,Cómputo,2832909.0,1,0.0,Tienda física,3,Cali Norte,Pacífico,2832909.0
951,2025-01-01,104,Mouse,Accesorios,43841.0,1,0.0,Tienda física,5,Barranquilla Mall,Caribe,43841.0
952,2025-03-31,102,Audífonos,Accesorios,126855.0,1,0.0,Tienda física,5,Medellín Poblado,Andina,126855.0
953,2025-01-14,103,Mouse,Accesorios,42775.0,1,0.0,Tienda física,2,Cali Norte,Pacífico,42775.0
954,2025-03-05,103,Audífonos,Accesorios,130533.0,1,0.05,Tienda física,5,Cali Norte,Pacífico,124007.0
955,2025-02-07,101,Teclado,Accesorios,97092.0,3,0.0,Tienda física,4,Bogotá Centro,Andina,291275.0
956,2025-02-06,101,Laptop,Cómputo,2708989.0,1,0.1,Online,4,Bogotá Centro,Andina,2438090.0
957,2025-01-11,102,Laptop,Cómputo,2928500.0,1,0.0,Online,5,Medellín Poblado,Andina,2928500.0
958,2025-03-18,103,Mouse,Accesorios,45659.0,3,0.1,Tienda física,4,Cali Norte,Pacífico,123279.0
959,2025-01-03,103,Audífonos,Accesorios,116104.0,4,0.0,Tienda física,5,Cali Norte,Pacífico,464414.0
960,2025-02-02,101,Mouse,Accesorios,49397.0,2,0.0,Tienda física,2,Bogotá Centro,Andina,98793.0
961,2025-01-06,103,Mouse,Accesorios,40727.0,1,0.0,Online,5,Cali Norte,Pacífico,40727.0
962,2025-02-19,104,Mouse,Accesorios,42774.0,3,0.0,Tienda física,4,Barranquilla Mall,Caribe,128321.0
963,2025-01-10,101,Laptop,Cómputo,2811241.0,4,0.0,Tienda física,4,Bogotá Centro,Andina,11244966.0
964,2025-01-05,102,Teclado,Accesorios,90395.0,2,0.0,Online,3,Medellín Poblado,Andina,180790.0
965,2025-01-23,101,Laptop,Cómputo,2849803.0,1,0.0,Tienda física,5,Bogotá Centro,Andina,2849803.0
966,2025-01-10,103,Audífonos,Accesorios,126040.0,2,0.0,Tienda física,5,Cali Norte,Pacífico,252080.0
967,2025-02-13,102,Mouse,Accesorios,46111.0,2,0.0,Tienda física,4,Medellín Poblado,Andina,92223.0
968,2025-01-02,101,Mouse,Accesorios,45903.0,1,0.05,Online,4,Bogotá Centro,Andina,43607.0
969,2025-01-13,104,Teclado,Accesorios,81963.0,1,0.0,Online,4,Barranquilla Mall,Caribe,81963.0
970,2025-02-09,104,Mouse,Accesorios,43889.0,3,0.0,Online,5,Barranquilla Mall,Caribe,131666.0
971,2025-01-02,101,Audífonos,Accesorios,113569.0,2,0.0,Tienda física,4,Bogotá Centro,Andina,227139.0
972,2025-03-25,104,Teclado,Accesorios,85777.0,1,0.1,Tienda física,5,Barranquilla Mall,Caribe,77199.0
973,2025-03-06,104,Laptop,Cómputo,2830429.0,2,0.0,Online,5,Barranquilla Mall,Caribe,5660858.0
974,2025-03-04,104,Teclado,Accesorios,84591.0,1,0.0,Online,4,Barranquilla Mall,Caribe,84591.0
975,2025-03-14,102,Mouse,Accesorios,43146.0,1,0.05,Tienda física,3,Medellín Poblado,Andina,40988.0
976,2025-01-17,104,Laptop,Cómputo,2652767.0,2,0.05,Online,4,Barranquilla Mall,Caribe,5040258.0
977,2025-01-09,104,Audífonos,Accesorios,130764.0,1,0.0,Tienda física,5,Barranquilla Mall,Caribe,130764.0
978,2025-03-16,104,Monitor,Cómputo,707807.0,1,0.1,Tienda física,3,Barranquilla Mall,Caribe,637026.0
979,2025-01-15,102,Audífonos,Accesorios,122639.0,4,0.05,Online,4,Medellín Poblado,Andina,466027.0
980,2025-01-24,101,Teclado,Accesorios,97641.0,1,0.05,Tienda física,5,Bogotá Centro,Andina,92759.0
981,2025-02-07,103,Teclado,Accesorios,95145.0,1,0.1,Online,4,Cali Norte,Pacífico,85630.0
982,2025-02-04,104,Mouse,Accesorios,45810.0,4,0.0,Tienda física,4,Barranquilla Mall,Caribe,183238.0
983,2025-02-18,101,Mouse,Accesorios,40558.0,2,0.05,Tienda física,3,Bogotá Centro,Andina,77060.0
984,2025-03-10,104,Audífonos,Accesorios,126540.0,2,0.0,Online,3,Barranquilla Mall,Caribe,253081.0
985,2025-03-03,102,Mouse,Accesorios,46822.0,3,0.2,Online,5,Medellín Poblado,Andina,112374.0
986,2025-03-01,101,Audífonos,Accesorios,122766.0,1,0.2,Tienda física,2,Bogotá Centro,Andina,98213.0
987,2025-02-19,102,Monitor,Cómputo,683855.0,2,0.05,Tienda física,4,Medellín Poblado,Andina,1299325.0
988,2025-03-19,104,Mouse,Accesorios,45116.0,1,0.0,Tienda física,5,Barranquilla Mall,Caribe,45116.0
989,2025-03-16,104,Teclado,Accesorios,93673.0,3,0.0,Tienda física,4,Barranquilla Mall,Caribe,281020.0
990,2025-01-09,102,Monitor,Cómputo,706572.0,1,0.0,Online,5,Medellín Poblado,Andina,706572.0
991,2025-02-03,103,Mouse,Accesorios,43882.0,2,0.0,Online,5,Cali Norte,Pacífico,87764.0
992,2025-03-17,102,Audífonos,Accesorios,124995.0,1,0.0,Tienda física,4,Medellín Poblado,Andina,124995.0
993,2025-02-04,104,Teclado,Accesorios,89562.0,1,0.1,Tienda física,2,Barranquilla Mall,Caribe,80606.0
994,2025-01-01,102,Mouse,Accesorios,46570.0,2,0.0,Tienda física,5,Medellín Poblado,Andina,93139.0
995,2025-02-09,103,Teclado,Accesorios,94732.0,2,0.2,Online,4,Cali Norte,Pacífico,151571.0
996,2025-03-05,102,Audífonos,Accesorios,109091.0,2,0.0,Tienda física,3,Medellín Poblado,Andina,218182.0
997,2025-01-22,103,Mouse,Accesorios,46319.0,1,0.1,Tienda física,5,Cali Norte,Pacífico,41687.0
998,2025-03-01,103,Audífonos,Accesorios,113442.0,1,0.05,Tienda física,2,Cali Norte,Pacífico,107770.0
999,2025-03-05,102,Mouse,Accesorios,46530.0,2,0.1,Tienda física,5,Medellín Poblado,Andina,83755.0
1000,2025-03-13,102,Monitor,Cómputo,645883.0,3,0.1,Tienda física,3,Medellín Poblado,Andina,1743884.0
1001,2025-01-11,101,Monitor,Cómputo,685562.0,2,0.05,Tienda física,3,Bogotá Centro,Andina,1302568.0
1002,2025-01-14,104,Mouse,Accesorios,41611.0,3,0.05,Online,3,Barranquilla Mall,Caribe,118590.0
1003,2025-03-01,103,Mouse,Accesorios,46137.0,3,0.05,Online,5,Cali Norte,Pacífico,131490.0
1004,2025-01-30,101,Monitor,Cómputo,621201.0,2,0.05,Online,5,Bogotá Centro,Andina,1180282.0
1005,2025-02-04,102,Teclado,Accesorios,96354.0,2,0.05,Tienda física,5,Medellín Poblado,Andina,183072.0
1006,2025-03-26,104,Monitor,Cómputo,705690.0,3,0.1,Tienda física,4,Barranquilla Mall,Caribe,1905363.0
1007,2025-02-06,101,Laptop,Cómputo,3077983.0,2,0.0,Tienda física,4,Bogotá Centro,Andina,6155966.0
1008,2025-01-05,103,Audífonos,Accesorios,127104.0,3,0.0,Tienda física,3,Cali Norte,Pacífico,381313.0
1009,2025-03-24,101,Monitor,Cómputo,682985.0,2,0.0,Online,4,Bogotá Centro,Andina,1365971.0
1010,2025-03-19,103,Audífonos,Accesorios,113172.0,2,0.0,Tienda física,4,Cali Norte,Pacífico,226344.0
1011,2025-01-26,102,Laptop,Cómputo,2708164.0,1,0.2,Tienda física,4,Medellín Poblado,Andina,2166531.0
1012,2025-03-03,104,Teclado,Accesorios,89382.0,24,0.0,Online,4,Barranquilla Mall,Caribe,2145175.0
1013,2025-01-04,104,Teclado,Accesorios,94921.0,4,0.1,Online,5,Barranquilla Mall,Caribe,341715.0
1014,2025-03-30,104,Mouse,Accesorios,48735.0,2,0.05,Tienda física,3,Barranquilla Mall,Caribe,92596.0
1015,2025-02-11,102,Teclado,Accesorios,84405.0,2,0.05,Tienda física,5,Medellín Poblado,Andina,160369.0
1016,2025-03-30,103,Laptop,Cómputo,3036526.0,4,0.1,Tienda física,1,Cali Norte,Pacífico,10931493.0
1017,2025-01-18,102,Monitor,Cómputo,675431.0,2,0.2,Tienda física,4,Medellín Poblado,Andina,1080690.0
1018,2025-02-09,104,Teclado,Accesorios,91994.0,1,0.0,Tienda física,4,Barranquilla Mall,Caribe,91994.0
1019,2025-03-13,102,Laptop,Cómputo,2631911.0,2,0.1,Tienda física,4,Medellín Poblado,Andina,4737440.0
1020,2025-02-08,102,Monitor,Cómputo,592218.0,2,0.0,Online,4,Medellín Poblado,Andina,1184437.0
1021,2025-01-14,102,Teclado,Accesorios,91232.0,1,0.05,Tienda física,4,Medellín Poblado,Andina,86671.0
1022,2025-02-01,103,Laptop,Cómputo,2884849.0,1,0.0,Tienda física,4,Cali Norte,Pacífico,2884849.0
1023,2025-02-20,101,Audífonos,Accesorios,113059.0,26,0.0,Tienda física,5,Bogotá Centro,Andina,2939528.0
1024,2025-02-07,101,Audífonos,Accesorios,121355.0,1,0.2,Tienda física,5,Bogotá Centro,Andina,97084.0
1025,2025-01-23,102,Teclado,Accesorios,96417.0,1,0.0,Online,5,Medellín Poblado,Andina,96417.0
1026,2025-03-04,101,Laptop,Cómputo,2987637.0,1,0.1,Tienda física,3,Bogotá Centro,Andina,2688873.0
1027,2025-01-15,101,Monitor,Cómputo,705556.0,1,0.0,Tienda física,4,Bogotá Centro,Andina,705556.0
1028,2025-01-25,102,Teclado,Accesorios,87586.0,1,0.05,Tienda física,4,Medellín Poblado,Andina,83207.0
1029,2025-01-17,102,Mouse,Accesorios,43362.0,1,0.2,Online,4,Medellín Poblado,Andina,34690.0
1030,2025-03-07,104,Teclado,Accesorios,94490.0,2,0.2,Tienda física,4,Barranquilla Mall,Caribe,151183.0
1031,2025-03-19,101,Teclado,Accesorios,88760.0,3,0.0,Online,4,Bogotá Centro,Andina,266280.0
1032,2025-02-22,103,Teclado,Accesorios,82576.0,2,0.0,Tienda física,3,Cali Norte,Pacífico,165152.0
1033,2025-02-20,102,Mouse,Accesorios,43045.0,1,0.0,Tienda física,3,Medellín Poblado,Andina,43045.0
1034,2025-02-08,104,Teclado,Accesorios,88534.0,1,0.0,Tienda física,3,Barranquilla Mall,Caribe,88534.0
1035,2025-02-20,103,Audífonos,Accesorios,115020.0,1,0.0,Online,5,Cali Norte,Pacífico,115020.0
1036,2025-03-11,101,Mouse,Accesorios,43490.0,1,0.0,Online,5,Bogotá Centro,Andina,43490.0
1037,2025-01-06,104,Monitor,Cómputo,623191.0,1,0.05,Tienda física,5,Barranquilla Mall,Caribe,592031.0
1038,2025-03-08,102,Audífonos,Accesorios,108996.0,1,0.0,Tienda física,5,Medellín Poblado,Andina,108996.0
1039,2025-01-07,103,Teclado,Accesorios,92468.0,1,0.0,Tienda física,2,Cali Norte,Pacífico,92468.0
1040,2025-02-20,102,Mouse,Accesorios,45876.0,3,0.0,Tienda física,5,Medellín Poblado,Andina,137627.0
1041,2025-03-13,101,Teclado,Accesorios,92761.0,1,0.0,Tienda física,5,Bogotá Centro,Andina,92761.0
1042,2025-02-11,103,Teclado,Accesorios,84462.0,1,0.0,Online,4,Cali Norte,Pacífico,84462.0
1043,2025-03-05,101,Audífonos,Accesorios,115096.0,3,0.1,Online,4,Bogotá Centro,Andina,310758.0
1044,2025-01-15,101,Teclado,Accesorios,92153.0,1,0.0,Tienda física,5,Bogotá Centro,Andina,92153.0
1045,2025-01-29,104,Audífonos,Accesorios,122391.0,1,0.05,Tienda física,4,Barranquilla Mall,Caribe,116272.0
1046,2025-02-02,102,Laptop,Cómputo,2803545.0,2,0.05,Online,5,Medellín Poblado,Andina,5326735.0
1047,2025-01-27,103,Laptop,Cómputo,2716231.0,2,0.1,Online,2,Cali Norte,Pacífico,4889217.0
1048,2025-02-05,101,Teclado,Accesorios,97433.0,2,0.2,Tienda física,3,Bogotá Centro,Andina,155892.0
1049,2025-01-29,101,Mouse,Accesorios,43558.0,1,0.05,Tienda física,4,Bogotá Centro,Andina,41380.0
1050,2025-02-07,103,Mouse,Accesorios,44601.0,1,0.0,Tienda física,4,Cali Norte,Pacífico,44601.0
1051,2025-02-26,101,Mouse,Accesorios,46603.0,1,0.1,Tienda física,5,Bogotá Centro,Andina,41943.0
1052,2025-01-27,104,Mouse,Accesorios,45387.0,1,0.0,Tienda física,5,Barranquilla Mall,Caribe,45387.0
1053,2025-02-24,104,Laptop,Cómputo,2714256.0,3,0.0,Tienda física,4,Barranquilla Mall,Caribe,8142768.0
1054,2025-02-02,104,Audífonos,Accesorios,118455.0,2,0.0,Tienda física,2,Barranquilla Mall,Caribe,236911.0
1055,2025-03-09,104,Mouse,Accesorios,47650.0,1,0.0,Tienda física,5,Barranquilla Mall,Caribe,47650.0
1056,2025-03-27,101,Monitor,Cómputo,621157.0,2,0.0,Tienda física,4,Bogotá Centro,Andina,1242314.0
1057,2025-03-07,103,Monitor,Cómputo,603493.0,1,0.0,Tienda física,3,Cali Norte,Pacífico,603493.0
1058,2025-01-10,103,Audífonos,Accesorios,115516.0,3,0.1,Online,4,Cali Norte,Pacífico,311893.0
1059,2025-01-05,103,Laptop,Cómputo,2995739.0,1,0.1,Online,5,Cali Norte,Pacífico,2696165.0
1060,2025-03-15,103,Audífonos,Accesorios,110136.0,1,0.0,Tienda física,5,Cali Norte,Pacífico,110136.0
1061,2025-02-07,102,Teclado,Accesorios,98851.0,1,0.0,Tienda física,4,Medellín Poblado,Andina,98851.0
1062,2025-01-13,103,Teclado,Accesorios,90738.0,2,0.0,Online,4,Cali Norte,Pacífico,181476.0
1063,2025-01-31,102,Teclado,Accesorios,98727.0,2,0.0,Tienda física,5,Medellín Poblado,Andina,197454.0
1064,2025-02-16,102,Audífonos,Accesorios,130536.0,1,0.05,Tienda física,5,Medellín Poblado,Andina,124009.0
1065,2025-03-29,104,Mouse,Accesorios,44575.0,1,0.05,Tienda física,4,Barranquilla Mall,Caribe,42347.0
1066,2025-02-21,102,Monitor,Cómputo,610804.0,1,0.0,Tienda física,4,Medellín Poblado,Andina,610804.0
1067,2025-02-25,101,Teclado,Accesorios,83968.0,1,0.0,Tienda física,5,Bogotá Centro,Andina,83968.0
1068,2025-01-15,102,Monitor,Cómputo,616199.0,3,0.2,Online,3,Medellín Poblado,Andina,1478877.0
1069,2025-01-29,104,Audífonos,Accesorios,125043.0,1,0.0,Tienda física,3,Barranquilla Mall,Caribe,125043.0
1070,2025-01-08,102,Mouse,Accesorios,42957.0,1,0.1,Tienda física,4,Medellín Poblado,Andina,38661.0
1071,2025-01-05,101,Audífonos,Accesorios,116194.0,2,0.1,Online,4,Bogotá Centro,Andina,209150.0
1072,2025-01-29,101,Laptop,Cómputo,2771316.0,1,0.0,Tienda física,4,Bogotá Centro,Andina,2771316.0
1073,2025-02-16,101,Laptop,Cómputo,3031410.0,2,0.2,Tienda física,3,Bogotá Centro,Andina,4850256.0
1074,2025-03-09,104,Laptop,Cómputo,2626060.0,3,0.0,Tienda física,5,Barranquilla Mall,Caribe,7878181.0
1075,2025-03-17,104,Mouse,Accesorios,40545.0,1,0.2,Tienda física,4,Barranquilla Mall,Caribe,32436.0
1076,2025-02-14,103,Teclado,Accesorios,82082.0,3,0.0,Tienda física,1,Cali Norte,Pacífico,246245.0
1077,2025-01-02,104,Laptop,Cómputo,3026669.0,2,0.1,Tienda física,3,Barranquilla Mall,Caribe,5448004.0
1078,2025-01-27,101,Laptop,Cómputo,2882609.0,1,0.1,Tienda física,5,Bogotá Centro,Andina,2594348.0
1079,2025-02-05,101,Audífonos,Accesorios,114553.0,1,0.05,Online,5,Bogotá Centro,Andina,108825.0
1080,2025-02-05,104,Audífonos,Accesorios,112253.0,1,0.0,Tienda física,3,Barranquilla Mall,Caribe,112253.0
1081,2025-01-26,102,Audífonos,Accesorios,115062.0,2,0.0,Tienda física,5,Medellín Poblado,Andina,230125.0
1082,2025-02-12,104,Audífonos,Accesorios,110755.0,2,0.0,Tienda física,4,Barranquilla Mall,Caribe,221510.0
1083,2025-01-27,104,Monitor,Cómputo,707399.0,3,0.0,Tienda física,5,Barranquilla Mall,Caribe,2122198.0
1084,2025-03-10,101,Laptop,Cómputo,2959155.0,4,0.05,Tienda física,4,Bogotá Centro,Andina,11244791.0
1085,2025-01-20,103,Mouse,Accesorios,44662.0,2,0.0,Online,5,Cali Norte,Pacífico,89323.0
1086,2025-01-11,101,Monitor,Cómputo,697445.0,2,0.2,Tienda física,2,Bogotá Centro,Andina,1115912.0
1087,2025-03-15,103,Mouse,Accesorios,42745.0,1,0.0,Tienda física,4,Cali Norte,Pacífico,42745.0
1088,2025-02-07,101,Monitor,Cómputo,678226.0,1,0.0,Online,5,Bogotá Centro,Andina,678226.0
1089,2025-01-06,104,Laptop,Cómputo,2999434.0,1,0.0,Tienda física,4,Barranquilla Mall,Caribe,2999434.0
1090,2025-03-13,101,Mouse,Accesorios,43711.0,2,0.2,Tienda física,4,Bogotá Centro,Andina,69937.0
1091,2025-01-23,101,Teclado,Accesorios,94634.0,1,0.0,Online,3,Bogotá Centro,Andina,94634.0
1092,2025-02-16,101,Teclado,Accesorios,86311.0,1,0.2,Online,5,Bogotá Centro,Andina,69049.0
1093,2025-03-31,104,Teclado,Accesorios,86379.0,1,0.1,Online,4,Barranquilla Mall,Caribe,77741.0
1094,2025-02-15,104,Monitor,Cómputo,598917.0,1,0.0,Tienda física,4,Barranquilla Mall,Caribe,598917.0
1095,2025-01-12,104,Laptop,Cómputo,2766433.0,2,0.0,Tienda física,5,Barranquilla Mall,Caribe,5532865.0
1096,2025-03-31,104,Laptop,Cómputo,2928639.0,1,0.0,Online,1,Barranquilla Mall,Caribe,2928639.0
1097,2025-01-13,103,Audífonos,Accesorios,130565.0,2,0.05,Tienda física,4,Cali Norte,Pacífico,248074.0
1098,2025-03-03,103,Monitor,Cómputo,663494.0,1,0.0,Tienda física,5,Cali Norte,Pacífico,663494.0
1099,2025-03-23,102,Laptop,Cómputo,3003356.0,2,0.0,Online,4,Medellín Poblado,Andina,6006712.0
1100,2025-03-30,104,Audífonos,Accesorios,127740.0,1,0.0,Tienda física,4,Barranquilla Mall,Caribe,127740.0
1101,2025-03-01,103,Mouse,Accesorios,42060.0,1,0.2,Online,4,Cali Norte,Pacífico,33648.0
1102,2025-02-12,101,Teclado,Accesorios,89745.0,2,0.1,Tienda física,5,Bogotá Centro,Andina,161540.0
1103,2025-03-17,104,Laptop,Cómputo,2585477.0,1,0.05,Tienda física,3,Barranquilla Mall,Caribe,2456203.0
1104,2025-03-09,102,Monitor,Cómputo,673680.0,1,0.2,Tienda física,5,Medellín Poblado,Andina,538944.0
1105,2025-01-05,102,Monitor,Cómputo,708487.0,1,0.0,Online,5,Medellín Poblado,Andina,708487.0
1106,2025-02-06,102,Mouse,Accesorios,41734.0,1,0.05,Tienda física,3,Medellín Poblado,Andina,39647.0
1107,2025-03-13,101,Audífonos,Accesorios,125613.0,1,0.05,Tienda física,5,Bogotá Centro,Andina,119333.0
1108,2025-01-31,103,Mouse,Accesorios,46190.0,1,0.1,Online,4,Cali Norte,Pacífico,41571.0
1109,2025-01-09,101,Mouse,Accesorios,45752.0,2,0.05,Online,4,Bogotá Centro,Andina,86930.0
1110,2025-02-20,104,Mouse,Accesorios,44011.0,3,0.0,Online,5,Barranquilla Mall,Caribe,132033.0
1111,2025-01-29,102,Mouse,Accesorios,43696.0,1,0.05,Tienda física,5,Medellín Poblado,Andina,41511.0
1112,2025-03-19,101,Laptop,Cómputo,2545340.0,4,0.1,Tienda física,3,Bogotá Centro,Andina,9163222.0
1113,2025-02-09,101,Teclado,Accesorios,84922.0,1,0.2,Online,4,Bogotá Centro,Andina,67938.0
1114,2025-02-10,103,Audífonos,Accesorios,108364.0,2,0.1,Tienda física,4,Cali Norte,Pacífico,195056.0
1115,2025-03-27,103,Teclado,Accesorios,91466.0,2,0.1,Tienda física,4,Cali Norte,Pacífico,164638.0
1116,2025-01-11,102,Mouse,Accesorios,41453.0,2,0.0,Tienda física,4,Medellín Poblado,Andina,82905.0
1117,2025-01-23,101,Laptop,Cómputo,3008891.0,1,0.0,Online,2,Bogotá Centro,Andina,3008891.0
1118,2025-01-01,101,Mouse,Accesorios,45208.0,1,0.0,Tienda física,5,Bogotá Centro,Andina,45208.0
1119,2025-02-15,103,Mouse,Accesorios,46797.0,1,0.2,Online,4,Cali Norte,Pacífico,37438.0
1120,2025-01-21,101,Monitor,Cómputo,638411.0,1,0.0,Tienda física,3,Bogotá Centro,Andina,638411.0
1121,2025-03-31,101,Mouse,Accesorios,45545.0,1,0.2,Tienda física,5,Bogotá Centro,Andina,36436.0
1122,2025-02-05,101,Monitor,Cómputo,707546.0,1,0.0,Tienda física,5,Bogotá Centro,Andina,707546.0
1123,2025-02-23,103,Audífonos,Accesorios,109986.0,1,0.05,Tienda física,4,Cali Norte,Pacífico,104486.0
1124,2025-03-28,102,Teclado,Accesorios,85571.0,1,0.1,Tienda física,4,Medellín Poblado,Andina,77014.0
1125,2025-02-26,104,Audífonos,Accesorios,126720.0,2,0.0,Tienda física,4,Barranquilla Mall,Caribe,253439.0
1126,2025-01-01,102,Teclado,Accesorios,82777.0,3,0.0,Tienda física,4,Medellín Poblado,Andina,248332.0
1127,2025-03-04,104,Teclado,Accesorios,82362.0,4,0.0,Online,3,Barranquilla Mall,Caribe,329448.0
1128,2025-02-23,101,Teclado,Accesorios,87508.0,1,0.1,Online,5,Bogotá Centro,Andina,78757.0
1129,2025-02-24,102,Teclado,Accesorios,82659.0,2,0.2,Online,2,Medellín Poblado,Andina,132254.0
1130,2025-02-09,104,Mouse,Accesorios,45766.0,3,0.0,Tienda física,2,Barranquilla Mall,Caribe,137297.0
1131,2025-01-15,103,Mouse,Accesorios,42536.0,1,0.0,Tienda física,1,Cali Norte,Pacífico,42536.0
1132,2025-01-21,103,Mouse,Accesorios,48561.0,1,0.0,Tienda física,3,Cali Norte,Pacífico,48561.0
1133,2025-02-16,102,Teclado,Accesorios,95103.0,4,0.2,Online,2,Medellín Poblado,Andina,304330.0
1134,2025-03-14,102,Laptop,Cómputo,2911835.0,1,0.0,Online,5,Medellín Poblado,Andina,2911835.0
1135,2025-02-22,101,Audífonos,Accesorios,122807.0,1,0.2,Online,4,Bogotá Centro,Andina,98245.0
1136,2025-01-09,102,Monitor,Cómputo,697251.0,1,0.05,Tienda física,3,Medellín Poblado,Andina,662388.0
1137,2025-03-15,101,Mouse,Accesorios,42508.0,1,0.0,Tienda física,3,Bogotá Centro,Andina,42508.0
1138,2025-02-21,101,Mouse,Accesorios,48358.0,3,0.0,Tienda física,5,Bogotá Centro,Andina,145074.0
1139,2025-02-26,103,Audífonos,Accesorios,126948.0,2,0.1,Tienda física,4,Cali Norte,Pacífico,228506.0
1140,2025-01-26,103,Audífonos,Accesorios,125956.0,1,0.05,Tienda física,4,Cali Norte,Pacífico,119658.0
1141,2025-02-10,104,Monitor,Cómputo,657963.0,1,0.0,Online,5,Barranquilla Mall,Caribe,657963.0
1142,2025-02-04,103,Mouse,Accesorios,42716.0,2,0.0,Tienda física,4,Cali Norte,Pacífico,85432.0
1143,2025-03-04,103,Mouse,Accesorios,44312.0,2,0.0,Tienda física,4,Cali Norte,Pacífico,88624.0
1144,2025-01-25,102,Laptop,Cómputo,2964400.0,1,0.1,Tienda física,3,Medellín Poblado,Andina,2667960.0
1145,2025-03-31,103,Mouse,Accesorios,40786.0,3,0.2,Online,4,Cali Norte,Pacífico,97886.0
1146,2025-03-16,104,Monitor,Cómputo,686667.0,1,0.0,Tienda física,4,Barranquilla Mall,Caribe,686667.0
1147,2025-02-07,102,Monitor,Cómputo,616209.0,1,0.05,Online,5,Medellín Poblado,Andina,585399.0
1148,2025-01-02,104,Teclado,Accesorios,83598.0,2,0.05,Online,4,Barranquilla Mall,Caribe,158835.0
1149,2025-01-07,103,Audífonos,Accesorios,110777.0,1,0.0,Tienda física,4,Cali Norte,Pacífico,110777.0
1150,2025-03-23,104,Teclado,Accesorios,81491.0,3,0.0,Tienda física,2,Barranquilla Mall,Caribe,244472.0
1151,2025-02-03,102,Teclado,Accesorios,90425.0,2,0.1,Tienda física,3,Medellín Poblado,Andina,162764.0
1152,2025-01-17,101,Mouse,Accesorios,42464.0,2,0.2,Tienda física,4,Bogotá Centro,Andina,67943.0
1153,2025-02-12,104,Audífonos,Accesorios,131746.0,1,0.1,Online,5,Barranquilla Mall,Caribe,118572.0
1154,2025-02-28,104,Laptop,Cómputo,2841685.0,1,0.0,Online,4,Barranquilla Mall,Caribe,2841685.0
1155,2025-02-20,102,Audífonos,Accesorios,111309.0,1,0.0,Tienda física,5,Medellín Poblado,Andina,111309.0
1156,2025-02-23,102,Audífonos,Accesorios,124530.0,1,0.05,Tienda física,4,Medellín Poblado,Andina,118304.0
1157,2025-01-24,104,Laptop,Cómputo,3022736.0,2,0.0,Tienda física,3,Barranquilla Mall,Caribe,6045473.0
1158,2025-01-25,103,Teclado,Accesorios,94413.0,3,0.0,Tienda física,2,Cali Norte,Pacífico,283240.0
1159,2025-03-12,104,Audífonos,Accesorios,109835.0,2,0.0,Tienda física,4,Barranquilla Mall,Caribe,219669.0
1160,2025-02-21,102,Teclado,Accesorios,97126.0,3,0.0,Tienda física,3,Medellín Poblado,Andina,291378.0
1161,2025-03-11,101,Audífonos,Accesorios,127054.0,2,0.1,Tienda física,3,Bogotá Centro,Andina,228698.0
1162,2025-03-29,101,Audífonos,Accesorios,111799.0,1,0.2,Online,5,Bogotá Centro,Andina,89439.0
1163,2025-02-02,103,Mouse,Accesorios,40966.0,1,0.2,Tienda física,1,Cali Norte,Pacífico,32773.0
1164,2025-02-18,104,Mouse,Accesorios,45516.0,2,0.2,Tienda física,4,Barranquilla Mall,Caribe,72825.0
1165,2025-01-29,101,Audífonos,Accesorios,111745.0,1,0.0,Tienda física,4,Bogotá Centro,Andina,111745.0
1166,2025-03-04,104,Monitor,Cómputo,693497.0,1,0.1,Online,4,Barranquilla Mall,Caribe,624147.0
1167,2025-01-22,102,Laptop,Cómputo,2720667.0,1,0.0,Tienda física,4,Medellín Poblado,Andina,2720667.0
1168,2025-01-26,101,Laptop,Cómputo,3031220.0,3,0.0,Tienda física,4,Bogotá Centro,Andina,9093659.0
1169,2025-01-28,103,Teclado,Accesorios,91182.0,1,0.0,Tienda física,4,Cali Norte,Pacífico,91182.0
1170,2025-03-26,102,Audífonos,Accesorios,112384.0,2,0.2,Online,5,Medellín Poblado,Andina,179815.0
1171,2025-02-18,103,Audífonos,Accesorios,111350.0,3,0.1,Tienda física,5,Cali Norte,Pacífico,300646.0
1172,2025-03-12,102,Monitor,Cómputo,659941.0,1,0.2,Online,3,Medellín Poblado,Andina,527953.0
1173,2025-03-22,101,Laptop,Cómputo,2946655.0,1,0.0,Online,2,Bogotá Centro,Andina,2946655.0
1174,2025-03-25,103,Mouse,Accesorios,47534.0,1,0.05,Online,5,Cali Norte,Pacífico,45157.0
1175,2025-02-18,103,Audífonos,Accesorios,114618.0,2,0.0,Tienda física,4,Cali Norte,Pacífico,229236.0
1176,2025-01-20,102,Mouse,Accesorios,42338.0,2,0.0,Tienda física,4,Medellín Poblado,Andina,84676.0
1177,2025-03-27,103,Mouse,Accesorios,40651.0,3,0.0,Tienda física,4,Cali Norte,Pacífico,121952.0
1178,2025-03-04,102,Laptop,Cómputo,2900352.0,2,0.05,Online,3,Medellín Poblado,Andina,5510668.0
1179,2025-03-02,102,Monitor,Cómputo,594954.0,1,0.0,Tienda física,4,Medellín Poblado,Andina,594954.0
1180,2025-02-18,102,Audífonos,Accesorios,118098.0,1,0.05,Tienda física,4,Medellín Poblado,Andina,112193.0
1181,2025-03-12,102,Mouse,Accesorios,45915.0,2,0.0,Online,3,Medellín Poblado,Andina,91830.0
1182,2025-01-01,101,Teclado,Accesorios,97868.0,1,0.0,Tienda física,4,Bogotá Centro,Andina,97868.0
1183,2025-01-13,102,Teclado,Accesorios,86612.0,1,0.0,Tienda física,5,Medellín Poblado,Andina,86612.0
1184,2025-03-28,104,Audífonos,Accesorios,113995.0,1,0.0,Tienda física,4,Barranquilla Mall,Caribe,113995.0
1185,2025-02-20,103,Laptop,Cómputo,2886330.0,1,0.0,Tienda física,2,Cali Norte,Pacífico,2886330.0
1186,2025-02-25,104,Teclado,Accesorios,92146.0,1,0.1,Online,4,Barranquilla Mall,Caribe,82932.0
1187,2025-03-24,101,Mouse,Accesorios,43489.0,1,0.05,Tienda física,5,Bogotá Centro,Andina,41315.0
1188,2025-03-03,104,Audífonos,Accesorios,130274.0,1,0.05,Tienda física,5,Barranquilla Mall,Caribe,123761.0
1189,2025-02-01,103,Teclado,Accesorios,96208.0,1,0.2,Tienda física,4,Cali Norte,Pacífico,76966.0
1190,2025-01-30,104,Laptop,Cómputo,2645430.0,2,0.05,Online,3,Barranquilla Mall,Caribe,5026317.0
1191,2025-01-29,101,Teclado,Accesorios,85305.0,3,0.2,Online,5,Bogotá Centro,Andina,204731.0
1192,2025-02-18,102,Monitor,Cómputo,651599.0,1,0.1,Tienda física,5,Medellín Poblado,Andina,586439.0
1193,2025-02-14,104,Laptop,Cómputo,2953200.0,2,0.0,Tienda física,1,Barranquilla Mall,Caribe,5906401.0
1194,2025-01-30,101,Audífonos,Accesorios,109057.0,1,0.2,Tienda física,4,Bogotá Centro,Andina,87246.0
1195,2025-01-16,101,Mouse,Accesorios,46740.0,1,0.0,Online,4,Bogotá Centro,Andina,46740.0
1196,2025-02-09,103,Teclado,Accesorios,92668.0,3,0.0,Tienda física,5,Cali Norte,Pacífico,278005.0
1197,2025-01-19,103,Mouse,Accesorios,42583.0,2,0.1,Online,3,Cali Norte,Pacífico,76650.0
1198,2025-01-18,104,Monitor,Cómputo,673576.0,3,0.05,Tienda física,4,Barranquilla Mall,Caribe,1919691.0
1199,2025-01-01,102,Mouse,Accesorios,48962.0,1,0.2,Tienda física,5,Medellín Poblado,Andina,39169.0
1200,2025-03-19,101,Audífonos,Accesorios,109123.0,1,0.0,Tienda física,5,Bogotá Centro,Andina,109123.0
